audio,author,title,song_id,corpus_artist,corpus_title,score,source_query
5_55 - Budi (Official Music Video).m4a,Chirag Khadka (5:55),5:55 - Budi (Official Music Video),921,Chirag Khadka,Budi,95.0,Chhori Budhi
Aaudai Chu Ma- Yama Buddha [ Talakjung Vs Tulke ].m4a,iNep,Aaudai Chu Ma- Yama Buddha [ Talakjung Vs Tulke ],4060,Yama Buddha,Aaudai Chu Ma,95.0,Yama Buddha
Afnai Bato.m4a,VTEN,Afnai Bato,3970,VTEN,Afnai Bato,100.0,VTEN
Ani Choying Drolma - Phoolko Aankhama [Official Lyrical Video].m4a,Ani Choying Drolma,Ani Choying Drolma - Phoolko Aankhama [Official Lyrical Video],261,Ani Choying Drolma,Phoolko Aankhama,90.0,Phool Ko Mala
Anju Panta - Maya Maya (2).mp3,Anju Panta,Maya Maya,2438,Nima Rumba,Maya Maya,90.0,Anju Panta
Anju Panta - Pal Pal Roye Jindagima.mp3,Anju Panta,Pal Pal Roye Jindagima,317,Anju Panta,Pal Pal Roye Jindagima,100.0,Anju Panta
Anju Panta - Sansaraka Sara Khusi.mp3,Anju Panta,Sansaraka Sara Khusi,328,Anju Panta,Sansaraka Sara Khushi,98.4,Anju Panta
Anju Panta - Timle Parai Thanepachi.mp3,Anju Panta,Timle Parai Thanepachi,334,Anju Panta,Timile Parai Thane Pachi,97.1,Anju Panta
Anju Panta - Zindagi Ko Sara Khushi.mp3,Anju Panta,Zindagi Ko Sara Khushi,337,Anju Panta,Zindagi Ka Sara Khushi,97.0,Anju Panta
Anuprastha - Din ( Official Music video ) ( Sprite Band Challe.mp3,Anuprastha,Din ( Official Music video ) ( Sprite Band Challe,419,Anuprastha,Din,90.0,Anuprastha
Aruna Lama - Arule Haneko.mp3,Aruna Lama,Arule Haneko,465,Aruna Lama,Arule Haneko,100.0,Aruna Lama
Aruna Lama - Birahale Royeko.mp3,Aruna Lama,Birahale Royeko,468,Aruna Lama,Birahale Royeko,100.0,Aruna Lama
Aruna Lama - Eaklai Basda.mp3,Aruna Lama,Eaklai Basda,473,Aruna Lama,Eklai Basda,97.8,Aruna Lama
Aruna Lama - Yati Dherai.mp3,Aruna Lama,Yati Dherai,2061,Mingma Sherpa,Dherai Dherai,93.0,Aruna Lama
Astha Raut - Chaubandi Ma Patuki.mp3,Astha Raut,Chaubandi Ma Patuki,543,Astha Raut,Chaubandima Patuki,98.3,Astha Raut
Astha Raut - Ko Chha Yaha.mp3,Astha Raut,Ko Chha Yaha,117,Aastha Raut,Ko Chha Yaha Ghati Badi (को छ यहाँ घटिबढी ?),90.0,Astha Raut
"Bhola Rijal, Kunti Moktan - Bhet Hola Jaba.mp3","Bhola Rijal, Kunti Moktan",Bhet Hola Jaba,1823,Kunti Moktan,Bhet Hola Jaba,95.0,Kunti Moktan
BICHA BICHAMA 2.0 ｜ DURGESH THAPA ⧸BABINA KIRATEE ｜ BENISHA POUDEL ｜ NEW NEPALI TEEJ SONG 2026.m4a,Durgesh Thapa,BICHA BICHAMA 2.0 | DURGESH THAPA /BABINA KIRATEE | BENISHA POUDEL | NEW NEPALI TEEJ SONG 2026,1181,Durgesh Thapa,Bicha Bichama 2 (Euta Photo Khich),90.0,new teej song
Bipul Chettri - 02 Allarey Jovan.mp3,Bipul Chettri,02 Allarey Jovan,1033,Deepak Bajracharya,Allare,92.9,Bipul Chettri
Bipul Chettri - 03 Mann.mp3,Bipul Chettri,03 Mann,772,Bipul Chettri,Mann,95.0,Bipul Chettri
Bipul Chettri - Bhaans Ghari.mp3,Bipul Chettri,Bhaans Ghari,758,Bipul Chettri,Bhaans Ghari,100.0,Bipul Chettri
Bipul Chettri - Deorali Darah.mp3,Bipul Chettri,Deorali Darah,764,Bipul Chettri,Deorali Darah,100.0,Bipul Chettri
Bipul Chettri - Gahiro Gahiro.mp3,Bipul Chettri,Gahiro Gahiro,766,Bipul Chettri,Gahiro Gahiro,100.0,Bipul Chettri
Bipul Chettri - Katai Uslai.mp3,Bipul Chettri,Katai Uslai,771,Bipul Chettri,Katai Uslai,100.0,Bipul Chettri
Bipul Chettri - Naya Din.mp3,Bipul Chettri,Naya Din,777,Bipul Chettri,Naya Din,100.0,Bipul Chettri
Bipul Chettri - Neela Akash.mp3,Bipul Chettri,Neela Akash,779,Bipul Chettri,Neela Akash,100.0,Bipul Chettri
Bipul chettri - Wildfire-dadelo.mp3,Bipul chettri,Wildfire-dadelo,790,Bipul Chettri,Wildfire (Dadhelo),95.0,Bipul Chettri
Brosis Band - China company nepali song.mp3,Brosis Band,China company nepali song,207,Albatross,Nepali,95.0,nepali song
Damber Nepali - Narau Narau Meri Maya.mp3,Damber Nepali,Narau Narau Meri Maya,989,Dambar Nepali,Narou Narou Meri Maya,91.4,nepali
Deepak Limbu - Kasari Bhanu.mp3,Deepak Limbu,Kasari Bhanu,1064,Deepak Limbu,Kasari Bhanu,100.0,Deepak Limbu
Deepak Limbu - Mutu Magyau Timile.mp3,Deepak Limbu,Mutu Magyau Timile,1143,Dipak Limbu,Mutu Magyou Timile,95.1,Deepak Limbu
Dharmaraj Thapa - Aaja Madal Bajeko Kina.mp3,Dharmaraj Thapa,Aaja Madal Bajeko Kina,1089,Dharmaraj Thapa,Ajha Madal Bajeko Kina,97.4,Dharmaraj Thapa
Dharmaraj Thapa - Hariyo Danda Mathi.mp3,Dharmaraj Thapa,Hariyo Danda Mathi,1090,Dharmaraj Thapa,Hariyo Dada Mathi,98.5,Dharmaraj Thapa
Dolla Bill ft. Young Lama.m4a,VTEN,Dolla Bill ft. Young Lama,1393,Genius Romanizations,VTEN ft. Young Lama - Dolla Bill,90.0,VTEN
Hey Sailaa ｜ Abhaya & The Steam Engines ｜ New Nepali Song ｜ Alisha Rai.m4a,Abhaya & The Steam Engines,Hey Sailaa | Abhaya & The Steam Engines | New Nepali Song | Alisha Rai,133,Abhaya & The Steam Engines,Hey Sailaa,90.0,Sailo Ma Charghare
"Himal Sagar, Melina Rai - Meri Putali.mp3","Himal Sagar, Melina Rai",Meri Putali,1509,"Himal Saga, Melina Rai",Meri Putali,98.5,Melina Rai
Hindai Chu Ma.m4a,VTEN,Hindai Chu Ma,3984,VTEN,Hindai Chhu Ma,97.3,VTEN
JAMESY - AMSTERDAM (OFFICIAL M-V).m4a,Prithivi Thakuri,JAMESY - AMSTERDAM (OFFICIAL M-V),1556,Jamesy,Amsterdam,90.0,Jamesy
Jerusha Rai - Sunsaan I.mp3,Jerusha Rai,Sunsaan I,1580,Jerusha Rai,Sunsaan I,100.0,Jerusha Rai
Kalo Chasma lau vanxa (Official Music Video) II Doma Hyolmo ll @Yeshidon.m4a,Doma Hyolmo,Kalo Chasma lau vanxa (Official Music Video) II Doma Hyolmo ll @Yeshidon,1169,Doma Hyolmo,Kalo Chasma lau vanxa,90.0,Sailo Ma Charghare
Kandara - Lekaki He Maya.mp3,Kandara,Lekaki He Maya,1685,Kandara,Lekaki Hey Maya,97.8,Kandara
Kandara Group - Timi Pari.mp3,Kandara Group,Timi Pari,1687,Kandara,Timi Pari,95.0,Kandara
Kati Baschau Maiti Kai...m4a,diwas gurung,Kati Baschau Maiti Kai..,1151,Diwas Gurung,Kati Baschau Maiti Kai,100.0,Maiti Ghar
"Komal Oli, Yam Baral - Maya Basyo Mutuma.mp3","Komal Oli, Yam Baral",Maya Basyo Mutuma,1777,komal oli and yam baral,maya basyo mutuma,95.0,Yam Baral
Kumar Basnet - Kukhura Kati.mp3,Kumar Basnet,Kukhura Kati,1810,Kumar Basnet,Kukhura Kati Bhogdiula,95.0,Kumar Basnet
Kumar Basnet - Lai Bari Lai.mp3,Kumar Basnet,Lai Bari Lai,1811,Kumar Basnet,Lai Bari Lai,100.0,Kumar Basnet
Kumar Basnet - Lapsiko Gedo.mp3,Kumar Basnet,Lapsiko Gedo,1812,Kumar Basnet,Lapsiko Gedo Chusera,95.0,Kumar Basnet
Kumar Basnet - Unkai Chhori Taruni.mp3,Kumar Basnet,Unkai Chhori Taruni,1814,Kumar Basnet,Unkai Chori Taruni,98.4,Kumar Basnet
Kunti Moktan - Choli Ramro.mp3,Kunti Moktan,Choli Ramro,1824,Kunti Moktan,Choli Ramro,100.0,Kunti Moktan
Kunti Moktan - Kati Maya.mp3,Kunti Moktan,Kati Maya,2438,Nima Rumba,Maya Maya,95.0,Kunti Moktan
Kunti Moktan - Laligurans Ajambari.mp3,Kunti Moktan,Laligurans Ajambari,1827,Kunti Moktan,Laliguras Ajambari,98.4,Kunti Moktan
Kunti Moktan - Mathi Mathi Sailungema.mp3,Kunti Moktan,Mathi Mathi Sailungema,1830,Kunti Moktan,Mathi Mathi Sailungema,100.0,Kunti Moktan
LAURE - CHUP LAAG FT. UNIQ POET [Prod. by Mista Bling] 2017.mp3.m4a,Habang Gurung,LAURE - CHUP LAAG FT. UNIQ POET [Prod. by Mista Bling] 2017.mp3,1842,Laure,Chup Laag,90.0,Uniq Poet
LAURE - MERO SOLTA FEAT. GUNACE [OFFICIAL MUSIC VIDEO 2013].m4a,Laure,LAURE - MERO SOLTA FEAT. GUNACE [OFFICIAL MUSIC VIDEO 2013],1846,Laure,Mero Solta,90.0,Lahure Ko Katha
"Mana Shrestha, VTEN - Ma Pa Se.mp3","Mana Shrestha, VTEN",Ma Pa Se,3987,VTEN,MA PA SE,90.0,Vten
Mantra - 04 Himali Nepali.mp3,Mantra,04 Himali Nepali,1944,Mantra Band,Himali Nepali,88.4,nepali
Melina Rai - Duli Duli.mp3,Melina Rai,Duli Duli,2011,Melina Rai,Duli Duli,100.0,Melina Rai
Melina Rai - Malai pani Sagai Laijau.mp3,Melina Rai,Malai pani Sagai Laijau,2017,Melina Rai,Malai Pani Sagai Laijau,100.0,Melina Rai
Melina Rai - Siraima Sirbandi.mp3,Melina Rai,Siraima Sirbandi,2024,Melina Rai,Shiraima Shirbandi,96.4,Melina Rai
Melina Rai - Yi Aakhama Timi Chhau.mp3,Melina Rai,Yi Aakhama Timi Chhau,2027,Melina Rai,Yi Aakhama Timi Chhau,100.0,Melina Rai
"Melina Rai, Subha Tamang - Timro Maan Ma (2).mp3","Melina Rai, Subha Tamang",Timro Maan Ma,2036,Melina Rai & Subha Tamang,Timro Maan Ma,100.0,Melina Rai
"Milan Newar, Rajan Raj Shiwakoti - Timi Uta Ma Yeta.mp3","Milan Newar, Rajan Raj Shiwakoti",Timi Uta Ma Yeta,2055,"Milan Newar, Rajan Raj Shiwakoti",Timi Uta Ma Yeta,100.0,Rajan Raj Shiwakoti
Monkey temple nepal - Yesto kahile (v.24).mp3,Monkey temple nepal,Yesto kahile (v.24),2104,Monkey Temple Nepal,Yesto Kahile,100.0,Monkey Temple
Nabin k Bhattarai - Ma maya laudina.mp3,Nabin k Bhattarai,Ma maya laudina,2138,Nabin K Bhattarai,Ma Maya Laudina,100.0,Nabin K Bhattarai
Nabin K Bhattarai - Mero Lagi.mp3,Nabin K Bhattarai,Mero Lagi,948,Cobweb,Mero Lagi,95.0,Nabin K Bhattarai
Nabin K Bhattarai - Raharai Raharama.mp3,Nabin K Bhattarai,Raharai Raharama,2142,Nabin K Bhattarai,Raharai Rahar Ma,97.1,Nabin K Bhattarai
Nabin K Bhattarai - Raharai Raharma.mp3,Nabin K Bhattarai,Raharai Raharma,2142,Nabin K Bhattarai,Raharai Rahar Ma,98.5,Nabin K Bhattarai
Nabin K Bhattarai - Samjhana Timro.mp3,Nabin K Bhattarai,Samjhana Timro,903,Chhewang Lama,Samjhana Timro,88.5,Nabin K Bhattarai
Nabin K Bhattarai - Timile Herda.mp3,Nabin K Bhattarai,Timile Herda,752,Binit Shrestha,Timi,95.0,Nabin K Bhattarai
Nabin K Bhattarai - Timro Nasha.mp3,Nabin K Bhattarai,Timro Nasha,3166,Samriddhi Rai,Asha,88.4,Nabin K Bhattarai
Nabin K Bhattarai - Ye Jhari.mp3,Nabin K Bhattarai,Ye Jhari,1985,Mc Flo,Jhari,95.0,Nabin K Bhattarai
Nabin K Bhattarai - Yo Lamo Raat.mp3,Nabin K Bhattarai,Yo Lamo Raat,2152,Nabin K Bhattarai,Yo Laamo Raat,98.4,Nabin K Bhattarai
Nabin K. Bhattarai - Aankhama Herain.mp3,Nabin K. Bhattarai,Aankhama Herain,1578,Jerusha Rai,Rain,88.5,Nabin K Bhattarai
Nabin K. Bhattarai - Ma Maya Laundina.mp3,Nabin K. Bhattarai,Ma Maya Laundina,2138,Nabin K Bhattarai,Ma Maya Laudina,98.5,Nabin K Bhattarai
Nabin K. Bhattarai - Raat Bityo.mp3,Nabin K. Bhattarai,Raat Bityo,2141,Nabin K Bhattarai,Raat bityo,100.0,Nabin K Bhattarai
Narayan Gopal & Asha Bhosle - Pahad Ko Mathi Mat.mp3,Narayan Gopal & Asha Bhosle,Pahad Ko Mathi Mat..,2270,"Narayan Gopal, Asha Bhosle",Pahadko Mathi Mathi,96.6,Narayan Gopal
NARAYAN GOPAL 'TIMI DEU YA NADEU DUET' - नारायणगोपाल 'टिमिदेउयानदेउडुएट'.mp3,NARAYAN GOPAL 'TIMI DEU YA NADEU DUET',नारायणगोपाल 'टिमिदेउयानदेउडुएट',3293,Shashwot Khadka,म.,90.0,Narayan Gopal
Narayan Gopal - Aaja Ra Rati.mp3,Narayan Gopal,Aaja Ra Rati,2159,Narayan Gopal,Aaja Ra Rati,100.0,Narayan Gopal
Narayan Gopal - Aajabholi Harek Sanjha.mp3,Narayan Gopal,Aajabholi Harek Sanjha,2158,Narayan Gopal,Aaja Bholi Harek Sanjh,97.2,Narayan Gopal
Narayan Gopal - Aankha Chhopi Narou (2).mp3,Narayan Gopal,Aankha Chhopi Narou,2163,Narayan Gopal,Aankha Chhopi Narou Bhani,95.0,Narayan Gopal
Narayan Gopal - Biratako Chino (2).mp3,Narayan Gopal,Biratako Chino,2172,Narayan Gopal,Biratako Chino,100.0,Narayan Gopal
Narayan Gopal - Chinari Hamro.mp3,Narayan Gopal,Chinari Hamro,2173,Narayan Gopal,Chinari Hamro,100.0,Narayan Gopal
Narayan Gopal - Dueta Phul Deuralima.mp3,Narayan Gopal,Dueta Phul Deuralima,2285,Naren Limbu,Deurali,91.4,Narayan Gopal
Narayan Gopal - Duita Phool Deurali Ma.mp3,Narayan Gopal,Duita Phool Deurali Ma,2175,Narayan Gopal,Duita Phool Deurali Ma,100.0,Narayan Gopal
Narayan Gopal - Eauta Manchheko (2).mp3,Narayan Gopal,Eauta Manchheko,2259,Narayan Gopal,Yeuta Manchheko,96.6,Narayan Gopal
Narayan Gopal - Euta Manchheko Maya.mp3,Narayan Gopal,Euta Manchheko Maya,526,Ashutosh KC,Maya,90.3,Narayan Gopal
Narayan Gopal - Galti Hajar.mp3,Narayan Gopal,Galti Hajar,2179,Narayan Gopal,Galti Hajar,100.0,Narayan Gopal
Narayan Gopal - Jhareko Paatjhain.mp3,Narayan Gopal,Jhareko Paatjhain,2182,Narayan Gopal,Jhareko Paatjhain,100.0,Narayan Gopal
Narayan Gopal - Jharyo Gindagi.mp3,Narayan Gopal,Jharyo Gindagi,2184,Narayan Gopal,Jharyo Jindagi,96.4,Narayan Gopal
Narayan Gopal - Jharyo Jindagi.mp3,Narayan Gopal,Jharyo Jindagi,2184,Narayan Gopal,Jharyo Jindagi,100.0,Narayan Gopal
Narayan Gopal - Jun Phool Maile.mp3,Narayan Gopal,Jun Phool Maile,2186,Narayan Gopal,Jun Phool Maile,100.0,Narayan Gopal
Narayan Gopal - Kasari Ma Bhule.mp3,Narayan Gopal,Kasari Ma Bhule,2188,Narayan Gopal,Kasari Ma Bhule,100.0,Narayan Gopal
Narayan Gopal - Kehi Metho Bat Gara.mp3,Narayan Gopal,Kehi Metho Bat Gara,2192,Narayan Gopal,Kehi Mitho Baat Gara,95.5,Narayan Gopal
Narayan Gopal - Kehi Mitho Baat Gara (2).mp3,Narayan Gopal,Kehi Mitho Baat Gara,2192,Narayan Gopal,Kehi Mitho Baat Gara,100.0,Narayan Gopal
Narayan Gopal - Kehi Mitho Batagara.mp3,Narayan Gopal,Kehi Mitho Batagara,2193,Narayan Gopal,Kehi mitho bata gara,98.5,Narayan Gopal
Narayan Gopal - Lau Suna Ma Bhanchhu.mp3,Narayan Gopal,Lau Suna Ma Bhanchhu,2194,Narayan Gopal,Lau Suna Ma Bhanchu,98.5,Narayan Gopal
Narayan Gopal - Ma Kashari Bhanu.mp3,Narayan Gopal,Ma Kashari Bhanu,2196,Narayan Gopal,Ma Kasari Bhanu,98.3,Narayan Gopal
Narayan Gopal - Maile Punya Man Parayan.mp3,Narayan Gopal,Maile Punya Man Parayan,2198,Narayan Gopal,Maile Punya Man Paraye,95.9,Narayan Gopal
Narayan Gopal - Malai Chhodi Mero Maya (3).mp3,Narayan Gopal,Malai Chhodi Mero Maya,2200,Narayan Gopal,Malai Chodi Mero Chaya,94.4,Narayan Gopal
Narayan Gopal - Malai Jindagi Yo Lagchha.mp3,Narayan Gopal,Malai Jindagi Yo Lagchha,2202,Narayan Gopal,Malai Jindagi Yo Lagdachha,97.4,Narayan Gopal
Narayan Gopal - Malai Maph Garideu.mp3,Narayan Gopal,Malai Maph Garideu,2203,Narayan Gopal,Malai Maaf Garideu,93.8,Narayan Gopal
Narayan Gopal - Mandirma Chhaki.mp3,Narayan Gopal,Mandirma Chhaki,2208,Narayan Gopal,Mandirma Cha Ki,96.6,Narayan Gopal
Narayan Gopal - Mata Laliguras Bhaye.mp3,Narayan Gopal,Mata Laliguras Bhaye,2209,Narayan Gopal,Mata Laligurash Bhayechu,94.4,Narayan Gopal
Narayan Gopal - Maya Garneko.mp3,Narayan Gopal,Maya Garneko,2210,Narayan Gopal,Maya Garneko,100.0,Narayan Gopal
Narayan Gopal - Mera Sabai Raatharu.mp3,Narayan Gopal,Mera Sabai Raatharu,1575,Jerusha Rai,ABA,90.9,Narayan Gopal
Narayan Gopal - Mero Aankhama.mp3,Narayan Gopal,Mero Aankhama,490,Aruna Lama,Mero Aankhama,100.0,Narayan Gopal
Narayan Gopal - Mero Ankhalai Rakhne Fulbaari.mp3,Narayan Gopal,Mero Ankhalai Rakhne Fulbaari,2217,Narayan Gopal,Mero Ankha lai Rakhne fulbari chaina,90.3,Narayan Gopal
Narayan Gopal - Mero Behoshi.mp3,Narayan Gopal,Mero Behoshi,958,COD,Behoshi,89.3,Narayan Gopal
Narayan Gopal - Mero Behosi Aaja.mp3,Narayan Gopal,Mero Behosi Aaja,2218,Narayan Gopal,Mero Behosi Aaja,100.0,Narayan Gopal
Narayan Gopal - Mero Geet.mp3,Narayan Gopal,Mero Geet,2219,Narayan Gopal,Mero Geet Merai Paratibimba Hoina,90.0,Narayan Gopal
Narayan Gopal - Parkhi Base Aaulaa Bhani.mp3,Narayan Gopal,Parkhi Base Aaulaa Bhani,2225,Narayan Gopal,Parkhi Base Aaula bhani,98.7,Narayan Gopal
Narayan Gopal - Parkhi Basen.mp3,Narayan Gopal,Parkhi Basen,2224,Narayan Gopal,Parkhi Base,98.0,Narayan Gopal
Narayan Gopal - Pokhiyera Ghamko.mp3,Narayan Gopal,Pokhiyera Ghamko,2229,Narayan Gopal,Pokhiyera Gham Ko Jhulka,88.2,Narayan Gopal
Narayan Gopal - Priyashi ka yaad haru.mp3,Narayan Gopal,Priyashi ka yaad haru,2231,Narayan Gopal,Priyeshi Ka Yaad Haru,97.1,Narayan Gopal
Narayan Gopal - Sanai Hurima.mp3,Narayan Gopal,Sanai Hurima,2235,Narayan Gopal,Sanai Hurima,100.0,Narayan Gopal
Narayan Gopal - Sangaala Ghumto Haru.mp3,Narayan Gopal,Sangaala Ghumto Haru,2236,Narayan Gopal,Sangaala Ghumto Haru,100.0,Narayan Gopal
Narayan Gopal - Saunko Jhari Bani.mp3,Narayan Gopal,Saunko Jhari Bani,2237,Narayan Gopal,Saunko Jhari Bani,100.0,Narayan Gopal
Narayan Gopal - Shikhar Bhane Kahan.mp3,Narayan Gopal,Shikhar Bhane Kahan,2239,Narayan Gopal,Shikhara Bhane Kaha,97.0,Narayan Gopal
Narayan Gopal - Timi Jun Raharle (2).mp3,Narayan Gopal,Timi Jun Raharle,2244,Narayan Gopal,Timi Jun Raharle,100.0,Narayan Gopal
Narayan Gopal - Timilai Bhulda.mp3,Narayan Gopal,Timilai Bhulda,752,Binit Shrestha,Timi,95.0,Narayan Gopal
Narayan Gopal - Timilai Ma Ke Bhanu.mp3,Narayan Gopal,Timilai Ma Ke Bhanu,2249,Narayan Gopal,Timilai Ma Ke Bhanu,100.0,Narayan Gopal
Narayan Gopal - Timilai Maa Ke Bhanu.mp3,Narayan Gopal,Timilai Maa Ke Bhanu,2249,Narayan Gopal,Timilai Ma Ke Bhanu,98.5,Narayan Gopal
Narayan Gopal - Timile Pani Ma Jastai.mp3,Narayan Gopal,Timile Pani Ma Jastai,2252,Narayan Gopal,Timile Pani Ma Jastai,100.0,Narayan Gopal
Narayan Gopal - Timro Jasto Mutu.mp3,Narayan Gopal,Timro Jasto Mutu,2253,Narayan Gopal,Timro Jasto Mutu,100.0,Narayan Gopal
Narayan Gopal - Ye Malai Maya.mp3,Narayan Gopal,Ye Malai Maya,1072,Deepesh Kishor Bhattarai,Maya Malai,90.0,Narayan Gopal
Narayan Gopal - Yeti Dherai Maya (2).mp3,Narayan Gopal,Yeti Dherai Maya,2061,Mingma Sherpa,Dherai Dherai,95.0,Narayan Gopal
Narayan Gopal - Yetidherai Maya Diee (2).mp3,Narayan Gopal,Yetidherai Maya Diee,2258,Narayan Gopal,Yeti Dherai Maya Diyee,97.1,Narayan Gopal
Narayan Gopal - Yeuta Manchheko.mp3,Narayan Gopal,Yeuta Manchheko,2259,Narayan Gopal,Yeuta Manchheko,100.0,Narayan Gopal
Narayan Gopal - Yo Bhagyale Katro.mp3,Narayan Gopal,Yo Bhagyale Katro,2260,Narayan Gopal,Yo Bhagyele Kasto,93.5,Narayan Gopal
Narayan Gopal - Yo Samjhine Maan Chha.mp3,Narayan Gopal,Yo Samjhine Maan Chha,2263,Narayan Gopal,Yo Samjhine Maan Cha,98.6,Narayan Gopal
Narayan Gopal - Yo Samjhine Man Chha (2).mp3,Narayan Gopal,Yo Samjhine Man Chha,2265,Narayan Gopal,Yo Samjhine Man Chha,100.0,Narayan Gopal
"Narayan Gopal, Aasha Bhosle - Maya ta Maya.mp3","Narayan Gopal, Aasha Bhosle",Maya ta Maya,1478,Hemant Sharma,Maya ta Yesto Hos,95.0,Narayan Gopal
"Narayan Gopal, Aasha Bhosle - Pahadako Mathi Mathi.mp3","Narayan Gopal, Aasha Bhosle",Pahadako Mathi Mathi,2270,"Narayan Gopal, Asha Bhosle",Pahadko Mathi Mathi,97.8,Narayan Gopal
"Narayan Gopal, Aasha Bhosle - Pahadko Maathi Maathi.mp3","Narayan Gopal, Aasha Bhosle",Pahadko Maathi Maathi,2270,"Narayan Gopal, Asha Bhosle",Pahadko Mathi Mathi,96.8,Narayan Gopal
"Narayan Gopal, Aruna Lama - Jeevanko Harek Modama.mp3","Narayan Gopal, Aruna Lama",Jeevanko Harek Modama,1155,Dixita Karki,Jeevan,94.5,Narayan Gopal
"Narayan Gopal, Asha Bhosle - Mohani lagla hai.mp3","Narayan Gopal, Asha Bhosle",Mohani lagla hai,2223,Narayan Gopal,Mohani Lagla Hai,95.0,Narayan Gopal
"Narayan Gopal, Gyanu Rana - Manchheko Maya.mp3","Narayan Gopal, Gyanu Rana",Manchheko Maya,2272,"Narayan Gopal, Gyanu Rana",Manchhe Ko Maya,98.7,Narayan Gopal
"Narayan Gopal, Meera Rana - Timi Deu Ya Nadeu.mp3","Narayan Gopal, Meera Rana",Timi Deu Ya Nadeu,2242,Narayan Gopal,Timi Deu Ya Nadeu,95.0,Narayan Gopal
"Narayan Gopal, Tara Devi - E Kanchha Thattaima.mp3","Narayan Gopal, Tara Devi",E Kanchha Thattaima,2273,"Narayan Gopal, Tara Devi",Eh Kancha Thattaima,97.7,Narayan Gopal
Nepal - The Edge Band - Timro Yaad.mp3,Nepal - The Edge Band,Timro Yaad,907,Chhewang Lama,Timro Yaad,95.0,The Edge Band
NEPALI SONGS - NAREN LIMBU - SUNA.mp3,NEPALI SONGS,NAREN LIMBU - SUNA,2279,Naren Limbhu,Suna - Naren Limbu,90.0,nepali
nepathya - Abhab abhab.mp3,nepathya,Abhab abhab,2360,Nepathya,Abhab Abhabai Bhayo,95.0,Nepathya
nepathya - chekya chekyo.mp3,nepathya,chekya chekyo,2365,Nepathya,Chekyo Chekyo,95.5,Nepathya
Nepathya - Gandakiko Tiraima.mp3,Nepathya,Gandakiko Tiraima,2368,Nepathya,Gandakiko Tiraima,100.0,Nepathya
nepathya - Jomsomai Bazarma.mp3,nepathya,Jomsomai Bazarma,3346,Songs To Sing,Jomsomai Bazarma,96.2,Nepathya
Nepathya - Laam Paate Surati.mp3,Nepathya,Laam Paate Surati,2382,Nepathya,Lampate Surati,93.9,Nepathya
Nepathya - Maya Garne Bani.mp3,Nepathya,Maya Garne Bani,2384,Nepathya,Maya Garne Bani,100.0,Nepathya
Nepathya - Rangin Chara.mp3,Nepathya,Rangin Chara,2392,Nepathya,Rangin Chara,100.0,Nepathya
Nepathya - Resham (रेशम).m4a,Nepathya,Nepathya - Resham (रेशम),2394,Nepathya,Resham,90.0,Resham Firiri
Nepathya - Sa Karnali.mp3,Nepathya,Sa Karnali,2396,Nepathya,Sa Karnali,100.0,Nepathya
Nepathya - Tal Ko Pani.mp3,Nepathya,Tal Ko Pani,243,Amrit Gurung,Tal Ko Pani,100.0,Nepathya
Nepathya - Yani Maya.mp3,Nepathya,Yani Maya,1711,Karma Band,Yani Maya,94.4,Nepathya
Nima Rumba - Block heel.mp3,Nima Rumba,Block heel,2432,Nima Rumba,Block Hill,90.5,Nima Rumba
Nima Rumba - Block Hill.mp3,Nima Rumba,Block Hill,2432,Nima Rumba,Block Hill,100.0,Nima Rumba
Nima Rumba - Maya maya.mp3,Nima Rumba,Maya maya,2438,Nima Rumba,Maya Maya,100.0,Nima Rumba
Nima Rumba - Meri Preyashi.mp3,Nima Rumba,Meri Preyashi,2439,Nima Rumba,Meri Priyasi,93.6,Nima Rumba
Nima Rumba - Naya Naya.mp3,Nima Rumba,Naya Naya,777,Bipul Chettri,Naya Din,90.0,Nima Rumba
Nima Rumba - Preeti Basyo.mp3,Nima Rumba,Preeti Basyo,2442,Nima Rumba,Preeti Basyo,100.0,Nima Rumba
Nima Rumba - Priti Basyo.mp3,Nima Rumba,Priti Basyo,2442,Nima Rumba,Preeti Basyo,93.3,Nima Rumba
Pahenlo Batti Muni - Bari Lai.mp3,Pahenlo Batti Muni,Bari Lai,2493,Pahenlo Batti Muni,Bari Lai,100.0,Pahenlo Batti Muni
Pahenlo Batti Muni - Tatepate Bhitta.mp3,Pahenlo Batti Muni,Tatepate Bhitta,2496,Pahenlo Batti Muni,Tatepate,95.0,Pahenlo Batti Muni
Phool Ko Aankhama - Aani Choying Dolma.mp3,Ravi Mhrz,Phool Ko Aankhama - Aani Choying Dolma,259,Ani Choying Dolma,Phool Ko Aankhama,89.2,Phool Ko Mala
Prakash Shrestha - Gahirai Ma Dubdai Naduba.mp3,Prakash Shrestha,Gahirai Ma Dubdai Naduba,2597,Prakash Shrestha,Gahiraima Dubdai Naduba,98.8,Prakash Shrestha
Prakash Shrestha - Mero Maya Manai Bhari.mp3,Prakash Shrestha,Mero Maya Manai Bhari,12,,Maya Ma,90.0,Prakash Shrestha
Prakash Shrestha - Saphal Timro.mp3,Prakash Shrestha,Saphal Timro,2602,Prakash Shrestha,Safal Timro,94.7,Prakash Shrestha
Prakash Shrestha - Saphal Tmro.mp3,Prakash Shrestha,Saphal Tmro,2602,Prakash Shrestha,Safal Timro,92.9,Prakash Shrestha
Prakash Shrestha - Timisanga Dungama.mp3,Prakash Shrestha,Timisanga Dungama,2604,Prakash Shrestha,Timi Sanga Dunga Ma,97.1,Prakash Shrestha
Prakash Shrestha - Timro Aankhako Sagarma.mp3,Prakash Shrestha,Timro Aankhako Sagarma,2605,Prakash Shrestha,Timro Aakha Ko Sagar Ma,96.2,Prakash Shrestha
Prakash Shrestha - Yo Sanjh Rangai Rahu.mp3,Prakash Shrestha,Yo Sanjh Rangai Rahu,16,,Ranga,90.0,Prakash Shrestha
"Prakash Shrestha, Bimala Rai - Kanchhi He Kanchhi.mp3","Prakash Shrestha, Bimala Rai",Kanchhi He Kanchhi,744,Bimala Rai & Prakash Shrestha,Kanchi Hey Kanchi,92.5,Prakash Shrestha
Pramod Kharel - Arkai Lai Rojdai.mp3,Pramod Kharel,Arkai Lai Rojdai,2627,Pramod Kharel,Lai Lai Lai,95.0,Pramod Kharel
Pramod Kharel - Bhupu Maya 3.mp3,Pramod Kharel,Bhupu Maya 3,2438,Nima Rumba,Maya Maya,88.2,Pramod Kharel
Pramod Kharel - Rojeko Paidaina Khojeko Chahidaina.mp3,Pramod Kharel,Rojeko Paidaina Khojeko Chahidaina,2632,Pramod Kharel,Rojeko Paidaina,90.0,Pramod Kharel
Pramod Kharel - Timilai Maya.mp3,Pramod Kharel,Timilai Maya,2438,Nima Rumba,Maya Maya,95.0,Pramod Kharel
"Pramod Kharel - Usle Jati Maya Timlai, Pt. 1.mp3",Pramod Kharel,"Usle Jati Maya Timlai, Pt. 1",24,1974 A.D,Jati Maya,92.1,Pramod Kharel
"Pratap Das, Melina Rai - Is It Love.mp3","Pratap Das, Melina Rai",Is It Love,2679,"Pratap Das, Melina Rai",Is it a love,97.0,Melina Rai
Rachana Devi - Lahare Tiranga.mp3,Rachana Devi,Lahare Tiranga,16,,Ranga,90.0,Rachana Devi
"Rajan Raj Shiwakoti, Melina Rai - Silky Silky Baal.mp3","Rajan Raj Shiwakoti, Melina Rai",Silky Silky Baal,2784,"Rajan Raj Siwakoti, Melina Rai",Silki Silky Bal,95.7,Rajan Raj Shiwakoti
Rajesh Payal Rai - Baiguni Raichau Mayalu.mp3,Rajesh Payal Rai,Baiguni Raichau Mayalu,2791,Rajesh Payal Rai,Baiguni Raichau,95.0,Rajesh Payal Rai
Rajesh Payal Rai - Failiyo Maya Dubo Sari.mp3,Rajesh Payal Rai,Failiyo Maya Dubo Sari,2796,Rajesh Payal Rai,Failiyo Maya Dubo Sari,100.0,Rajesh Payal Rai
Rajesh Payal Rai - Naniko Chanchale.mp3,Rajesh Payal Rai,Naniko Chanchale,1462,"Hari Bansha Acharya, Sukmit Gurung",Chanchale Chanchale Gandaki,91.7,Rajesh Payal Rai
"Rajesh Payal Rai, Anju Panta - Maya Deu.mp3","Rajesh Payal Rai, Anju Panta",Maya Deu,2438,Nima Rumba,Maya Maya,89.4,Rajesh Payal Rai & Anju Panta
"Rajesh Payel Rai, Ram Krishna Dhakal - Jaaga Lamka Chamka.mp3","Rajesh Payel Rai, Ram Krishna Dhakal",Jaaga Lamka Chamka,2866,Ram Krishna Dhakal,Jaaga Lamka Chamka,95.0,"Rajesh Payel Rai, Ram Krishna Dhakal"
Ram Krishna Dhakal - Aauchu Bhani Papinile.mp3,Ram Krishna Dhakal,Aauchu Bhani Papinile,2843,Ram Krishna Dhakal,Aauchu Bhani Papini Le,98.8,Ram Krishna Dhakal
Ram Krishna Dhakal - Bihana Utthne Bittikai (2).mp3,Ram Krishna Dhakal,Bihana Utthne Bittikai,2851,Ram Krishna Dhakal,Bihana Uthne Bittikai,98.8,Ram Krishna Dhakal
Ram Krishna Dhakal - Jhuth Ko.mp3,Ram Krishna Dhakal,Jhuth Ko,2868,Ram Krishna Dhakal,Jhuth Ko Sansar,95.0,Ram Krishna Dhakal
Ram Krishna Dhakal - Kun Hurile.mp3,Ram Krishna Dhakal,Kun Hurile,1553,Jagjit Singh,Kun Maya Sadar Bho,93.1,Ram Krishna Dhakal
Ram Krishna Dhakal - Meri Manu.mp3,Ram Krishna Dhakal,Meri Manu,2878,Ram Krishna Dhakal,Meri Manu,100.0,Ram Krishna Dhakal
Ram Krishna Dhakal - Timro Lagi Jyan.mp3,Ram Krishna Dhakal,Timro Lagi Jyan,2891,Ram Krishna Dhakal,Timra Lagi Jyan,97.1,Ram Krishna Dhakal
Ram Krishna Dhakal - Timro Maya.mp3,Ram Krishna Dhakal,Timro Maya,955,Cobweb,Timro Maya,94.9,Ram Krishna Dhakal
Ram Thapa - Nakkali Kanchi.mp3,Ram Thapa,Nakkali Kanchi,2904,Ram Thapa,Nakkali kanchi ko,95.0,Ram Thapa
S.D. Yogi & Melina Rai - Curly Curly Kapal.mp3,S.D. Yogi & Melina Rai,Curly Curly Kapal,2035,"Melina Rai, SD Yogi",Curly Curly Kapal,91.1,Melina Rai
Sabin Rai - Due Thunga.mp3,Sabin Rai,Due Thunga,3008,Sabin Rai,Dui Thunga,95.0,Sabin Rai
SABIN RAI - Guranshko Fed Muni.mp3,SABIN RAI,Guranshko Fed Muni,3011,Sabin Rai,Gurash Ko Fed Muni,96.4,Sabin Rai
Sabin Rai - Guras Ko Fed Muni.mp3,Sabin Rai,Guras Ko Fed Muni,3011,Sabin Rai,Gurash Ko Fed Muni,98.2,Sabin Rai
Sabin Rai - Guras ko phed muni.mp3,Sabin Rai,Guras ko phed muni,3011,Sabin Rai,Gurash Ko Fed Muni,92.9,Sabin Rai
Sabin Rai - Gurasha Ko Feda Muni.mp3,Sabin Rai,Gurasha Ko Feda Muni,4145,गुराँस को फेद मुनि,Gurasha ko fed muni,96.6,Sabin Rai
Sabin Rai - Jau Ki Basu.mp3,Sabin Rai,Jau Ki Basu,3014,Sabin Rai,Jau ki Basu,100.0,Sabin Rai
Sabin Rai - Kalo kalo raat ko.mp3,Sabin Rai,Kalo kalo raat ko,3015,Sabin Rai,Kalo Kalo Raatako,96.3,Sabin Rai
Sabin Rai - Komal Tyo Timro (2).mp3,Sabin Rai,Komal Tyo Timro,3017,Sabin Rai,Komal Tyo Timro,100.0,Sabin Rai
Sabin Rai - Ma sansar jitne.mp3,Sabin Rai,Ma sansar jitne,3018,Sabin Rai,Ma Sansar Jitne,100.0,Sabin Rai
Sabin Rai - Malai Angali Deu.mp3,Sabin Rai,Malai Angali Deu,3020,Sabin Rai,Malai Angali Deu,100.0,Sabin Rai
Sabin Rai - Maya Jalaima.mp3,Sabin Rai,Maya Jalaima,3021,Sabin Rai,Maya Jalaima,100.0,Sabin Rai
Sabin Rai - Mero Jiwan.mp3,Sabin Rai,Mero Jiwan,87,2024,Mero Jiwan,90.0,Sabin Rai
Sabin Rai - Samjhana Haru Lai.mp3,Sabin Rai,Samjhana Haru Lai,737,Bikki Gurung,Samjhana,90.0,Sabin Rai
sabin rai - samjhana haru lie.mp3,sabin rai,samjhana haru lie,737,Bikki Gurung,Samjhana,90.0,Sabin Rai
Sabin Rai - Sundarta Ko Timi.mp3,Sabin Rai,Sundarta Ko Timi,752,Binit Shrestha,Timi,90.0,Sabin Rai
Sabin Rai - Sundarta ko.mp3,Sabin Rai,Sundarta ko,3029,Sabin Rai,Sundarta Ko Timi- Sabin Rai Official,90.0,Sabin Rai
Sabin Rai - Timi Nai Hau.mp3,Sabin Rai,Timi Nai Hau,140,"Acoustic - Rocken Music, Sabin Rai",Timi Nai Hau,100.0,Sabin Rai
"Sabin Rai, The Pharaoh - Nilo Chata.mp3","Sabin Rai, The Pharaoh",Nilo Chata,3036,Sabin Rai & The Pharaoh,Nilo Chata,100.0,Sabin Rai
Sailo Ma Charghare (साईलो म चारघरे )  By Bishwo Dong ｜｜ New Nepali Lok Pop Song 2081.m4a,Bishwo Dong,Sailo Ma Charghare (साईलो म चारघरे )  By Bishwo Dong || New Nepali Lok Pop Song 2081,828,Bishwo Dong,Sailo Ma Charghare,90.0,Sailo Ma Charghare
Sambhu Nepali - He Kanchhi Timro Maya Ma Pagal Bhaye.mp3,Sambhu Nepali,He Kanchhi Timro Maya Ma Pagal Bhaye,12,,Maya Ma,90.0,Kanchhi
Sanjay Shrestha - Euta Gaun Thiyo.mp3,Sanjay Shrestha,Euta Gaun Thiyo,3186,Sanjay Shrestha,Euta Gau Thiyo,98.4,Sanjay Shrestha
Sanjay Shrestha - Let's rock mayalu.mp3,Sanjay Shrestha,Let's rock mayalu,3187,Sanjay Shrestha,Let's Rock Mayalu,100.0,Sanjay Shrestha
Sanjay Shrestha - Maya Meri Maya Unplugged.mp3,Sanjay Shrestha,Maya Meri Maya Unplugged,157,Adrian Pradhan,Meri Maya,95.0,Sanjay Shrestha
Sanjay Shrestha - Tadha Najaideu Timi.mp3,Sanjay Shrestha,Tadha Najaideu Timi,752,Binit Shrestha,Timi,89.2,Sanjay Shrestha
Sanjeev Singh - Muglan Hera Jadai.mp3,Sanjeev Singh,Muglan Hera Jadai,3206,Sanjeev Singh,Muglan Hera Jadai Chu,95.0,Sanjeev Singh
Sugam Pokharel & Anju Panta - Rahar Chha Sangai.mp3,Sugam Pokharel & Anju Panta,Rahar Chha Sangai,347,"Anju Panta, Sugam Pokharel",Rahar Chha Sangai,95.0,Sugam Pokharel
Sugam Pokharel - Bhanekai Hun Mailey.mp3,Sugam Pokharel,Bhanekai Hun Mailey,3426,Sugam Pokhrel,Bhanekai Hu Maile,95.4,Sugam Pokharel
Sugam Pokharel - Dashain Aayo.mp3,Sugam Pokharel,Dashain Aayo,3396,Sugam Pokharel,Dashain Aayo,100.0,Sugam Pokharel
Sugam Pokharel - Dashain Tihar.mp3,Sugam Pokharel,Dashain Tihar,892,Chhewang Lama,Dashain Tihar,100.0,Sugam Pokharel
Sugam Pokharel - Kasari Bhanu Timilai.mp3,Sugam Pokharel,Kasari Bhanu Timilai,3402,Sugam Pokharel,Kasari Bhanu Timilai,100.0,Sugam Pokharel
Sugam Pokharel - Kati Din Bite.mp3,Sugam Pokharel,Kati Din Bite,3438,Sugam Pokhrel,Kati Din Bite,98.2,Sugam Pokharel
Sugam Pokharel - Maya Ko Bato.mp3,Sugam Pokharel,Maya Ko Bato,1793,Kta Haru,Maya Ko Bato,98.1,Sugam Pokharel
Sugam Pokharel - Mero Sansar.mp3,Sugam Pokharel,Mero Sansar,3446,Sugam Pokhrel,Mero Sansar,98.0,Sugam Pokharel
Sugam Pokharel - Pheri Tyo Din.mp3,Sugam Pokharel,Pheri Tyo Din,613,Babu Bogati,Pheri Tyo Din,100.0,Sugam Pokharel
Sugam Pokharel - Samjhana Ma.mp3,Sugam Pokharel,Samjhana Ma,168,Adrian Pradhan,Samjhana Ma,95.0,Sugam Pokharel
Sugam Pokharel - Sancheko Maya.mp3,Sugam Pokharel,Sancheko Maya,3448,Sugam Pokhrel,Sacheko Maya,96.3,Sugam Pokharel
Sugam Pokharel - Timi Nabhaye.mp3,Sugam Pokharel,Timi Nabhaye,3452,Sugam Pokhrel,Timi Nabhaye,98.1,Sugam Pokharel
"Sugam Pokharel, Anju Panta - Kunai Din.mp3","Sugam Pokharel, Anju Panta",Kunai Din,419,Anuprastha,Din,95.0,Sugam Pokharel
Sunil Giri - Ko Hola Tyo.mp3,Sunil Giri,Ko Hola Tyo,3498,Sunil Giri,Ko Hola Tyo,100.0,Sunil Giri
Sunil Giri - Timi Aauchauki Bhani (Ko Hola Tyo 2).mp3,Sunil Giri,Timi Aauchauki Bhani (Ko Hola Tyo 2),3503,Sunil Giri,Timi Aauchauki Bhani,100.0,Sunil Giri
Superstar ft. Ruthless.m4a,VTEN,Superstar ft. Ruthless,3996,VTEN,Superstar,90.0,VTEN
Sushant KC - Bela Bela.mp3,Sushant KC,Bela Bela,3538,Sushant KC,Bela Bela,100.0,Sushant KC
Sushant KC - Estai Raicha.mp3,Sushant KC,Estai Raicha,3539,Sushant Kc,Estai Raicha II,95.0,Sushant KC
Sushant KC - Fakauna Ma.mp3,Sushant KC,Fakauna Ma,3540,Sushant KC,Fakauna Ma,100.0,Sushant KC
Sushant KC - Gayo Ta Gayo.mp3,Sushant KC,Gayo Ta Gayo,3542,Sushant KC,Gayo Ta Gayo,100.0,Sushant KC
Sushant KC - Hawa Le.mp3,Sushant KC,Hawa Le,3545,Sushant KC,Hawa Le,100.0,Sushant KC
Sushant KC - Jhyal Bata (2).mp3,Sushant KC,Jhyal Bata,3548,Sushant KC,Jhyal Bata,100.0,Sushant KC
Sushant KC - Ji Chanta Matina.mp3,Sushant KC,Ji Chanta Matina,3549,Sushant KC,Ji Chanta Matina,100.0,Sushant KC
Sushant KC - Kya Kardiya.mp3,Sushant KC,Kya Kardiya,3550,Sushant KC,Kya Kardiya,100.0,Sushant KC
Sushant KC - Parkha Na.mp3,Sushant KC,Parkha Na,3569,Sushant KC,पर्ख न Parkha Na,95.0,Sushant KC
Sushant KC - Risaune Bhaye.mp3,Sushant KC,Risaune Bhaye,3557,SUshant KC,Risaune Bhaye,100.0,Sushant KC
Sushant KC - Timro Maya.mp3,Sushant KC,Timro Maya,955,Cobweb,Timro Maya,100.0,Sushant KC
Symfamous - Naya Nepal.mp3,Trap Nepal,Symfamous - Naya Nepal,3654,Symfamous,Naya Nepal,90.0,Trap Nepal
Tara Devi - Foolko Thunga.mp3,Tara Devi,Foolko Thunga.,3680,Tara Devi,Phoolako Thunga,91.7,Tara Devi
Tara Devi - Timile Diyeka.mp3,Tara Devi,Timile Diyeka,752,Binit Shrestha,Timi,88.0,Tara Devi
Tara Devi - Timro Pau Haruma.mp3,Tara Devi,Timro Pau Haruma,3684,Tara Devi,Timra Pau Haruma,96.2,Tara Devi
Thaa Chaina.m4a,VTEN,Thaa Chaina,3998,VTEN,Thaa Chaina,100.0,VTEN
The Axe Band - 01 LUKNA DEU.mp3,The Axe Band,01 LUKNA DEU,3705,The Axe,Lukna Deu,95.0,The Axe Band
The Axe Band - 05 MA AAUDAICHHU.mp3,The Axe Band,05 MA AAUDAICHHU,3719,The Axe (Nepal),Ma Aaudaichhu,95.0,The Axe Band
The Axe Band - Lukna Deu.mp3,The Axe Band,Lukna Deu,3705,The Axe,Lukna Deu,95.0,The Axe Band
The Edge Band - Nachaheko Hoina Timilai.mp3,The Edge Band,Nachaheko Hoina Timilai,3738,The edge band,Nachaheko Hoina Timilai,100.0,The Edge Band
The Edge Band - Nachodnu Yo Saath.mp3,The Edge Band,Nachodnu Yo Saath,1219,Edge Band,Nachodnu Yo Saath,95.0,The Edge Band
The Edge Band - Samjhine Mutu.mp3,The Edge Band,Samjhine Mutu,1222,Edge Band,Samjhine Mutu,95.0,The Edge Band
The Edge Band - Thaha Chaina.mp3,The Edge Band,Thaha Chaina,1223,Edge Band,Thaha Chaina,95.0,The Edge Band
The Edge Band - Yo Dil Mero.mp3,The Edge Band,Yo Dil Mero,1225,Edge Band,Yo Dil Mero,95.0,The Edge Band
Tribal Rain - Devi Deuta.mp3,Tribal Rain,Devi Deuta,3801,Tribal Rain,Devi Deuta,100.0,Tribal Rain
Tribal Rain - Devi Devta.mp3,Tribal Rain,Devi Devta,3801,Tribal Rain,Devi Deuta,95.5,Tribal Rain
Tribal Rain Sikkim - Devi Deuta.mp3,Tribal Rain Sikkim,Devi Deuta,3801,Tribal Rain,Devi Deuta,95.0,Tribal Rain
Uniq - Kaam (Prod. by Bluesss).m4a,Uniq Poet,Uniq - Kaam (Prod. by Bluesss),3942,Uniq Poet,Kaam,95.0,Uniq Poet
UNIQ POET - KAALO (Purple Melody Remix).m4a,Uniq Poet,UNIQ POET - KAALO (Purple Melody Remix),1295,Genius English Translations,Uniq Poet - Kaalo 2.0 (English Translation),95.0,Uniq Poet
UNIQ POET - Tamaso.m4a,Trap Nepal,UNIQ POET - Tamaso,3773,The Shadows 'Nepal',Ma,90.0,Uniq Poet
VTEN - CRMNL (OFFICIAL SONG) SAMIR GHISING.m4a,Ramesh Beatzs,VTEN - CRMNL (OFFICIAL SONG) SAMIR GHISING,1391,Genius Romanizations,VTEN - CRMNL,90.0,VTEN
VTEN - Galli Sadak (2).mp3,VTEN,Galli Sadak,3980,VTEN,Galli Sadak,100.0,Vten
VTEN - Galli Sadak.m4a,Nephop Industry,VTEN - Galli Sadak,3980,VTEN,Galli Sadak,90.2,VTEN
VTEN - Maanchhe Khattam.mp3,VTEN,Maanchhe Khattam,3989,VTEN,Manchhe Khattam,97.6,Vten
VTEN - Simsime Paani Rev.mp3,VTEN,Simsime Paani Rev,3993,VTEN,Simsime Paani,95.0,Vten
"VTEN, Bluesss, beatsbyhype - Yestai Ta Ho Ni Bro.mp3","VTEN, Bluesss, beatsbyhype",Yestai Ta Ho Ni Bro,4001,"VTEN, Bluesss & BeatsByHype",Yestai Ta Ho Ni Bro,100.0,Vten
Yam Baral - Aba Chot Harule Piroldaina Malai.mp3,Yam Baral,Aba Chot Harule Piroldaina Malai,1403,Genius Romanizations,Yam Baral - Aba Chot Harule Piroldaina Malai,90.0,Yam Baral
Yam Baral - Badaluko Ghumtole.mp3,Yam Baral,Badaluko Ghumtole,4048,Yam Baral,Badaluko Ghumtole,100.0,Yam Baral
Yam Baral - Chita Mathi Las Mero.mp3,Yam Baral,Chita Mathi Las Mero,14,,Mero Ghaule,89.3,Yam Baral
Yam Baral - Har Chij Chha Jiwan Ma.mp3,Yam Baral,Har Chij Chha Jiwan Ma,8,,Jiwan,90.0,Yam Baral
Yam Baral - Mann Rahe Po.mp3,Yam Baral,Mann Rahe Po,4053,Yam Baral,Man Rahe Po,97.7,Yam Baral
Yam Baral - Timi Hasda Tyo.mp3,Yam Baral,Timi Hasda Tyo,4055,Yam Baral,Timi Hasda Tyo,100.0,Yam Baral
Yama Buddha  Paisa Prod By Nasty [Album Khatra].m4a,RuPak Khadka,Yama Buddha  Paisa Prod By Nasty [Album Khatra],4076,Yama Buddha,Paisa,90.0,Yama Buddha
Yama buddha - Saathi instrumental flute type beat.m4a,ASiM 💫,Yama buddha - Saathi instrumental flute type beat,1184,Durgesh Thapa,Saathi,90.0,Yama Buddha
Yama Buddha - SaathiNew Nepali Rap Song 2015 - SaathiNew Nepali Rap Song 2015.mp3,Yama Buddha - SaathiNew Nepali Rap Song 2015,SaathiNew Nepali Rap Song 2015,207,Albatross,Nepali,90.0,nepali rap song
Yama Buddha Saathi Cover By Puskar Bhandari.m4a,Puskar Bhandari,Yama Buddha Saathi Cover By Puskar Bhandari,1184,Durgesh Thapa,Saathi,90.0,Yama Buddha
Yama Buddha Sapana.m4a,Music King Nepal,Yama Buddha Sapana,816,Bishesh Silwal,Sapana,90.0,Yama Buddha
Yama Buddha- Aamaa Ft. Mistah k.m4a,Ladup Lama,Yama Buddha- Aamaa Ft. Mistah k,1938,Mantra Band,Aama,90.0,Yama Buddha
Yama Buddha- Kohi ft. Aidray & Nattu.m4a,Yama Buddha,Yama Buddha- Kohi ft. Aidray & Nattu,4069,Yama Buddha,Kohi,90.0,Aidray Nepali rap
