transliteration,devanagari,source_file
roman,devanagari,Data1.csv
romanized,devanagari,Data1.csv
jaba,जब,Data1.csv
timi,तिमी,Data1.csv
ayou,आयौ,Data1.csv
mero,मेरो,Data1.csv
jindagima,जिन्दगीमा,Data1.csv
haat,हात,Data1.csv
samai,समाई,Data1.csv
kahi,कहीँ,Data1.csv
door,दूर,Data1.csv
jana,जान,Data1.csv
beglai,बेग्लै,Data1.csv
bho,भो,Data1.csv
duniya,यो,Data1.csv
hijo,दुनियाँ,Data1.csv
bhanda,हिजोभन्दा,Data1.csv
achanak,अचानक,Data1.csv
badliyo,"बद्लियो,",Data1.csv
manau,"मानौँ,",Data1.csv
tyo,त्यो,Data1.csv
hoina,होइन,Data1.csv
bipanima,बिपनीमा,Data1.csv
maile,मैले,Data1.csv
bhuli,भुलिदिएँ,Data1.csv
diye,यो,Data1.csv
sara,सारा,Data1.csv
jamana,जमाना,Data1.csv
din,दिन,Data1.csv
duiguna,"दुईगुना,",Data1.csv
raat,रात,Data1.csv
chauguna,चौगुना,Data1.csv
mayako,मायाको,Data1.csv
yasto,यस्तो,Data1.csv
modma,मोडमा,Data1.csv
hami,हामी,Data1.csv
aaipugyou,आइपुग्यौँ,Data1.csv
bhabishyako,भविष्यको,Data1.csv
mitho,मीठो,Data1.csv
kalpana,कल्पना,Data1.csv
bhulisakyou,बुनिसक्यौँ,Data1.csv
chau,छौँ,Data1.csv
timro,तिम्रो,Data1.csv
pyaro,प्यारो,Data1.csv
manche,मान्छे,Data1.csv
cha,छ,Data1.csv
nai,नै,Data1.csv
hau,हौ,Data1.csv
malai,मलाई,Data1.csv
maya,माया,Data1.csv
garne,गर्ने,Data1.csv
khusi,खुसी,Data1.csv
dine,दिने,Data1.csv
nachutos,नछुटोस्,Data1.csv
hamro,हाम्रो,Data1.csv
darilo,दरिलो,Data1.csv
sath,साथ,Data1.csv
paschatap,पश्चात्ताप,Data1.csv
chaina,छैन,Data1.csv
kunai,कुनै,Data1.csv
yaha,यहाँ,Data1.csv
jaha,जहाँ,Data1.csv
jati,जति,Data1.csv
j,जे,Data1.csv
chha,छ,Data1.csv
afno,आफ्नो,Data1.csv
bhanne,भन्ने,Data1.csv
pagal,पागल,Data1.csv
banaki,बनाकी,Data1.csv
che,छे,Data1.csv
ghayal,घायल,Data1.csv
usko,उस्को,Data1.csv
bhet,भेट,Data1.csv
hunda,हुँदा,Data1.csv
u,ऊ,Data1.csv
bolaunche,बोलाउँछे,Data1.csv
jiskaudai,जिस्क्याउँदै,Data1.csv
ramailo,रमाइलो,Data1.csv
lagcha,लाग्छ,Data1.csv
jali,जाली,Data1.csv
rumal,रुमाल,Data1.csv
chadera,छाडेर,Data1.csv
janera,जानेले,Data1.csv
dharo,धरोधर्म,Data1.csv
dharma,यो,Data1.csv
kura,कुरा,Data1.csv
sancho,साँचो,Data1.csv
biteka,बितेका,Data1.csv
kurale,कुराले,Data1.csv
kehi,केही,Data1.csv
chota,चोट,Data1.csv
lagda,लाग्दा,Data1.csv
tadha,टाढा,Data1.csv
huda,हुँदा,Data1.csv
dherai,धेरै,Data1.csv
dukha,दुःख,Data1.csv
jastai,जस्तै,Data1.csv
timilai,तिमीलाई,Data1.csv
pani,पनि,Data1.csv
testai,त्यस्तै,Data1.csv
huna,हुन,Data1.csv
sakcha,सक्छ,Data1.csv
meri,मेरी,Data1.csv
mayalu,मायालु,Data1.csv
sangai,संगै,Data1.csv
base,बसे,Data1.csv
jasto,जस्तो,Data1.csv
bipanale,विपनाले,Data1.csv
jhaskai,झस्काइ,Data1.csv
dida,दिँदा,Data1.csv
kalpi,कल्पी,Data1.csv
roye,रोएँ,Data1.csv
bhane,भने,Data1.csv
kahile,कहिल्यै,Data1.csv
narunu,नरुनू,Data1.csv
milan,मिलन,Data1.csv
nabhai,नभइ,Data1.csv
bite,बितेँ,Data1.csv
bichalit,बिचलित,Data1.csv
nahunu,नहुनू,Data1.csv
kati,कति,Data1.csv
purano,पुरानो,Data1.csv
ho,हो,Data1.csv
bhanera,भनेर,Data1.csv
feri,फेरि,Data1.csv
kina,किन,Data1.csv
berthaima,ब्यर्थैमा,Data1.csv
metne,मेट्ने,Data1.csv
kosish,कोशिस,Data1.csv
garchau,गर्छौ,Data1.csv
harek,हरेक,Data1.csv
maanis,मानिस,Data1.csv
aatma,आत्मा,Data1.csv
kate,काटे,Data1.csv
dukhcha,दुख्छ,Data1.csv
man,मन,Data1.csv
jiuna,जिउन,Data1.csv
deu,देउ,Data1.csv
ma,म,Data1.csv
hu,हुँ,Data1.csv
prakriti,प्रकृति,Data1.csv
hasna,हाँस्न,Data1.csv
bachna,बाँच्न,Data1.csv
marchau,मार्छौ,Data1.csv
tyati,त्यति,Data1.csv
bujdainau,बुझ्दैनौ,Data1.csv
maan,मन,Data1.csv
ki,कि,Data1.csv
dhunga,ढुंगा,Data1.csv
ramna,रम्न,Data1.csv
ujaad,उजाड,Data1.csv
mausamma,मौसममा,Data1.csv
suna,सुन,Data1.csv
dhadkan,धड्कन,Data1.csv
ekchin,एकछिन,Data1.csv
pachi,पछि,Data1.csv
yasko,यसको,Data1.csv
aawaj,आवाज,Data1.csv
timlai,तिमीलाई,Data1.csv
sadhai,सधैं,Data1.csv
daaki,डाकी,Data1.csv
rahancha,रहन्छ,Data1.csv
paari,पारी,Data1.csv
dadama,डाँडामा,Data1.csv
hera,हेर,Data1.csv
gham,घाम,Data1.csv
ghamailo,घमाइलो,Data1.csv
lagyo,लाग्यो,Data1.csv
ra,र,Data1.csv
ghumna,घुम्न,Data1.csv
jaau,जाउँन,Data1.csv
kali,काली,Data1.csv
banaula,बनाउला,Data1.csv
pirati,पिरतीको,Data1.csv
ko,छाता,Data1.csv
chata,ओढाउ,Data1.csv
odau,न,Data1.csv
khola,खोला,Data1.csv
bagau,बगौं,Data1.csv
machi,माछी,Data1.csv
marau,मारौ,Data1.csv
jalaima,जालैमा,Data1.csv
hunchha,हुन्छ,Data1.csv
hunna,हुन्न,Data1.csv
vana,भनन,Data1.csv
ajkalto,अच्कल्टो,Data1.csv
mai,मै,Data1.csv
chadchau,छाड्छौं,Data1.csv
sindur,सिन्दुर,Data1.csv
lauchau,लाउँछौं,Data1.csv
bhana,भनन,Data1.csv
o,ओ,Data1.csv
baiguni,बैगुनी,Data1.csv
bhai,भै,Data1.csv
namare,नमारे,Data1.csv
ni,नि,Data1.csv
kaile,कैले,Data1.csv
nisthuri,निष्ठूरी,Data1.csv
najanu,नजानु,Data1.csv
sampati,सम्पत्ति,Data1.csv
kamayinchha,कमाइन्छ,Data1.csv
ye,ए,Data1.csv
garchhau,गर्छु,Data1.csv
hajura,हजुर,Data1.csv
tadako,टाढाको,Data1.csv
mahi,म्वाइँ,Data1.csv
pugena,पुगेन,Data1.csv
bhawanama,भावनामा,Data1.csv
aau,नआऊ,Data1.csv
yadama,यादमा,Data1.csv
kada,काँडा,Data1.csv
dekhi,देखि,Data1.csv
darai,डराई,Data1.csv
nabhagne,नभाग्ने,Data1.csv
gara,गर,Data1.csv
manchhe,मान्छे,Data1.csv
ke,के,Data1.csv
bhanchhan,भन्छन्,Data1.csv
maanle,मनले,Data1.csv
je,के,Data1.csv
bhanchha,भन्छ,Data1.csv
ti,एकदिन,Data1.csv
sabale,सबले,Data1.csv
chinchha,सुन्छ,Data1.csv
nalukai,नलुकाई,Data1.csv
maanka,मनका,Data1.csv
bimbaharu,विम्बहरू,Data1.csv
desh,देश,Data1.csv
nepal,नेपाल,Data1.csv
dui,दुई,Data1.csv
deshharu,देशहरु,Data1.csv
dwara,द्वारा,Data1.csv
gherieko,घेरिएको,Data1.csv
china,चीन,Data1.csv
uttarpatti,उतरपट्टि,Data1.csv
awasthit,अवस्थित,Data1.csv
paschim,पश्चिम,Data1.csv
purva,पुर्व,Data1.csv
dakshin,दक्षिण,Data1.csv
bharatle,भारतले,Data1.csv
dhakeko,ढाकेको,Data1.csv
tin,तीन,Data1.csv
bhaugolik,भौगोलिक,Data1.csv
kshetraharu,क्षेत्रहरू,Data1.csv
chhan,छन्,Data1.csv
himalaya,हिमालय,Data1.csv
parbatiya,पर्वतीय,Data1.csv
tarai,तराई,Data1.csv
deshma,देशमा,Data1.csv
jadoma,जाडोमा,Data1.csv
chiso,चिसो,Data1.csv
sukhha,सुख्खा,Data1.csv
garmima,गर्मीमा,Data1.csv
andhibehari,आँधीबेहरी,Data1.csv
barsha,बर्षा,Data1.csv
badhipahiro,बाढिपहिरो,Data1.csv
hunachhan,हुनछन्,Data1.csv
yasma,यसमा,Data1.csv
koshi,कोशी,Data1.csv
gandaki,गण्डकी,Data1.csv
karnali,कर्णाली,Data1.csv
jasta,जस्ता,Data1.csv
lamo,लामो,Data1.csv
chaunda,चौंडा,Data1.csv
nadiharu,नदीहरू,Data1.csv
hamisanga,हामीसँग,Data1.csv
rupa,रुपा,Data1.csv
beganas,बेगनास,Data1.csv
rara,रारा,Data1.csv
thula,ठूला,Data1.csv
talharu,तालहरू,Data1.csv
hariyo,हरियो,Data1.csv
upatyaka,उपत्यका,Data1.csv
sundar,सुन्दर,Data1.csv
jharna,झरना,Data1.csv
aadi,आदि,Data1.csv
lumbini,लुम्बिनी,Data1.csv
gorkha,गोरखा,Data1.csv
janakpur,जनकपुर,Data1.csv
kathmandu,काठमाडौं,Data1.csv
prakhyat,प्रख्यात,Data1.csv
udaharanaharu,उदाहरणहरू,Data1.csv
hun,हुन्,Data1.csv
atyadhik,अत्यधिक,Data1.csv
vividh,विविध,Data1.csv
dhani,धनी,Data1.csv
bhugol,भूगोल,Data1.csv
sanskriti,संस्कृति,Data1.csv
dharmharuko,धर्महरूको,Data1.csv
himali,हिमाली,Data1.csv
uttarma,उत्तरमा,Data1.csv
vishwaka,विश्वका,Data1.csv
chaudha,१४,Data1.csv
uchchatam,उच्चतम,Data1.csv
pahadharumaddhye,पहाडहरूमध्ये,Data1.csv
aath,आठ,Data1.csv
urvara,उर्वर,Data1.csv
ardra,आर्द्र,Data1.csv
kshetra,क्षेत्र,Data1.csv
sahari,शहरी,Data1.csv
dharmaka,धर्मका,Data1.csv
manis,मानिस,Data1.csv
baschan,बस्छन्,Data1.csv
lagbhag,लगभग,Data1.csv
saya,सय,Data1.csv
bhashaharu,भाषाहरु,Data1.csv
bolinchhan,बोलिन्छन्,Data1.csv
lokapriya,लोकप्रिय,Data1.csv
khanaharu,खानाहरू,Data1.csv
dal,दाल,Data1.csv
bhat,भाट,Data1.csv
dindo,डिन्डो,Data1.csv
gunrdruk,गुनर्दुक,Data1.csv
ityadi,इत्यादि,Data1.csv
dashain,दशैं,Data1.csv
tihar,तिहार,Data1.csv
losar,लोसार,Data1.csv
sabhaibhanda,सबैभन्दा,Data1.csv
chadparvaharu,चाडपर्वहरू,Data1.csv
sano,सानो,Data1.csv
tara,तर,Data1.csv
prakritik,प्राकृतिक,Data1.csv
srotsadhanma,स्रोतसाधनमा,Data1.csv
arthik,आर्थिक,Data1.csv
awasthale,अवस्थाले,Data1.csv
garda,गर्दा,Data1.csv
garib,गरीब,Data1.csv
vikaasonmukh,विकासोन्मुख,Data1.csv
chado,चाँडै,Data1.csv
vikas,विकास,Data1.csv
garnaka,गर्नका,Data1.csv
lagi,लागि,Data1.csv
aajdekhi,आजदेखि,Data1.csv
hamile,हामीले,Data1.csv
deshko,देशको,Data1.csv
sabai,सबै,Data1.csv
nagarikta,नागरिकता,Data1.csv
bare,बारे,Data1.csv
sachet,सचेत,Data1.csv
hunupardhachha,हुनुपर्दछ,Data1.csv
purush,पुरुष,Data1.csv
mahila,महिला,Data1.csv
dubai,दुबै,Data1.csv
saman,समान,Data1.csv
shiksha,शिक्षा,Data1.csv
pradan,प्रदान,Data1.csv
gardachha,गर्दछ,Data1.csv
sarkarle,सरकारले,Data1.csv
agrim,अग्रिम,Data1.csv
karyakram,कार्यक्रम,Data1.csv
lyaunu,ल्याउनु,Data1.csv
pardachha,पर्दछ,Data1.csv
nagarik,नागरिक,Data1.csv
sarkar,सरकार,Data1.csv
dubailai,दुबैलाई,Data1.csv
faida,फाइदा,Data1.csv
puryaune,पुर्‍याउने,Data1.csv
bibhinna,बिभिन्न,Data1.csv
suvidha,सुविधा,Data1.csv
gari,गरी,Data1.csv
nagariklai,नागरिकलाई,Data1.csv
sahayog,सहयोग,Data1.csv
garnupardachha,गर्नुपर्दछ,Data1.csv
ek,एक,Data1.csv
tyasobhaye,त्यसोभए,Data1.csv
yaslai,यसलाई,Data1.csv
vishwabhar,विश्वभर,Data1.csv
prakashit,प्रकाशित,Data1.csv
garnuparnechha,गर्नुपर्नेछ,Data1.csv
jun,जुन,Data1.csv
pratyaksha,प्रत्यक्ष,Data1.csv
wa,वा,Data1.csv
apratyaksha,अप्रत्यक्ष,Data1.csv
rupma,रूपमा,Data1.csv
paryataklai,पर्यटकलाई,Data1.csv
aakarshit,आकर्षित,Data1.csv
garna,गर्न,Data1.csv
maddhat,मद्दत,Data1.csv
aafno,आफ्नो,Data1.csv
awastha,अवस्था,Data1.csv
niyantran,नियन्त्रण,Data1.csv
sakchau,सक्छौं,Data1.csv
saphalata,सफलता,Data1.csv
hamra,हाम्रा,Data1.csv
balharu,बलहरू,Data1.csv
garera,गरेर,Data1.csv
prapta,प्राप्त,Data1.csv
kamajoriharu,कमजोरीहरू,Data1.csv
hataera,हटाएर,Data1.csv
prakritima,प्रकृतिमा,Data1.csv
sahaj,सहज,Data1.csv
paine,पाइने,Data1.csv
manisbata,मानिसबाट,Data1.csv
nabanaeka,नबनाइएका,Data1.csv
vastu,वस्तु,Data1.csv
sampada,सम्पदा,Data1.csv
ajha,अझ,Data1.csv
spashta,स्पष्ट,Data1.csv
shabdama,शब्दमा,Data1.csv
nepalma,नेपालमा,Data1.csv
himal,हिमाल,Data1.csv
pahad,पहाड,Data1.csv
taramandal,तारामण्डल,Data1.csv
nadinala,नदीनाला,Data1.csv
taltalaiya,तालतलैया,Data1.csv
jal,जल,Data1.csv
vayu,वायु,Data1.csv
khanij,खनिज,Data1.csv
padartha,पदार्थ,Data1.csv
jivjantu,जीवजन्तु,Data1.csv
vanaspati,वनस्पति,Data1.csv
yi,यी,Data1.csv
nepalko,नेपालको,Data1.csv
akshaya,अक्षय,Data1.csv
bhandar,भण्डार,Data1.csv
sampadabata,सम्पदाबाट,Data1.csv
manisle,मानिसले,Data1.csv
ekatir,एकातिर,Data1.csv
bharpura,भरपुर,Data1.csv
manoranjan,मनोरञ्जन,Data1.csv
gareka,गरेका,Data1.csv
arkotir,अर्कोतिर,Data1.csv
manisko,मानिसको,Data1.csv
mihineta,मिहिनेत,Data1.csv
paurakh,पौरख,Data1.csv
buddhi,बुद्धि,Data1.csv
kshamata,क्षमता,Data1.csv
pokhinda,पोखिंदा,Data1.csv
yinaibata,यिनैबाट,Data1.csv
jibanma,जीवनमा,Data1.csv
pran,प्राण,Data1.csv
dhanta,धान्त,Data1.csv
rogko,रोगको,Data1.csv
upchar,उपचार,Data1.csv
bideshi,विदेशी,Data1.csv
mudra,मुद्रा,Data1.csv
arjan,आर्जन,Data1.csv
arthoparjan,अर्थोपार्जन,Data1.csv
saksham,सक्षम,Data1.csv
baneka,बनेका,Data1.csv
yasari,यसरी,Data1.csv
manislai,मानिसलाई,Data1.csv
sukhko,सुखको,Data1.csv
garaune,गराउने,Data1.csv
sampattiko,सम्पत्तिको,Data1.csv
raheko,रहेको,Data1.csv
yahi,यही,Data1.csv
upayog,उपयोग,Data1.csv
hune,हुने,Data1.csv
payane,पायने,Data1.csv
sampadako,सम्पदाको,Data1.csv
barema,बारेमा,Data1.csv
ullekh,उल्लेख,Data1.csv
garieko,गरिएको,Data1.csv
vishwakai,विश्वकै,Data1.csv
pranilai,प्राणीलाई,Data1.csv
banchanka,बाँच्नका,Data1.csv
nahune,नहुने,Data1.csv
dainik,दैनिक,Data1.csv
upabhogma,उपभोगमा,Data1.csv
parne,पर्ने,Data1.csv
prayog,प्रयोग,Data1.csv
pyas,प्यास,Data1.csv
metna,मेट्न,Data1.csv
sharir,शरीर,Data1.csv
lugaka,लुगाका,Data1.csv
mayal,मयल,Data1.csv
milkauna,मिल्काउन,Data1.csv
sinchai,सिंचाइ,Data1.csv
bijuli,विजुली,Data1.csv
utpadanma,उत्पादनमा,Data1.csv
bhaeko,भएको,Data1.csv
paniko,पानीको,Data1.csv
strot,स्रोत,Data1.csv
asia,एसिया,Data1.csv
mahadeshma,महादेशमा,Data1.csv
pahilo,पहिलो,Data1.csv
vishwama,विश्वमा,Data1.csv
brazil,ब्राजिल,Data1.csv
pachadiko,पछाडिको,Data1.csv
dosro,दोस्रो,Data1.csv
sthanma,स्थानमा,Data1.csv
pahadma,पहाडमा,Data1.csv
nagabeli,नागबेली,Data1.csv
bani,बनी,Data1.csv
bagne,बग्ने,Data1.csv
trishuli,त्रिशुली,Data1.csv
mashyangdi,मस्याङ्दी,Data1.csv
arun,अरुण,Data1.csv
tamor,तमोर,Data1.csv
nadi,नदी,Data1.csv
pramukhk,प्रमुख,Data1.csv
utpadan,उत्पादन,Data1.csv
sake,सके,Data1.csv
sthiti,स्थिति,Data1.csv
baliyo,बलियो,Data1.csv
dekhinchha,देखिन्छ,Data1.csv
arko,अर्को,Data1.csv
mahattwapurna,महत्त्वपूर्ण,Data1.csv
shrinkhalaharu,श्रृङ्खलाहरू,Data1.csv
uttar,उत्तर,Data1.csv
dishama,दिशामा,Data1.csv
purvadekhi,पूर्वदेखि,Data1.csv
paschimsamda,पश्चिमसम्म,Data1.csv
paredka,परेडका,Data1.csv
sipahi,सिपाही,Data1.csv
shrinkhala,श्रृंखला,Data1.csv
ubhieka,उभिएका,Data1.csv
vishwako,विश्वको,Data1.csv
sarvochchha,सर्वोच्च,Data1.csv
shikhar,शिखर,Data1.csv
sagarmatha,सगरमाथा,Data1.csv
sathai,साथै,Data1.csv
annapurna,अन्नपूर्ण,Data1.csv
kanchanjangha,कञ्चनजङ्घा,Data1.csv
lotse,लोत्से,Data1.csv
manaslu,मनासलु,Data1.csv
yalungkad,यालुङकाड,Data1.csv
makalu,मकालु,Data1.csv
machapuchhre,माछापुच्छे,Data1.csv
himalaharu,हिमालहरू,Data1.csv
himalma,हिमालमा,Data1.csv
phalam,फलाम,Data1.csv
sun,सुन,Data1.csv
chandi,चाँदी,Data1.csv
abhrakh,अभ्रख,Data1.csv
chunadhunga,चुनढुङ्गा,Data1.csv
sisa,सिसा,Data1.csv
gandhak,गन्धक,Data1.csv
marble,मार्बल,Data1.csv
soda,सोडा,Data1.csv
sidhenaun,सिधेनुन,Data1.csv
birenaun,विरेनुन,Data1.csv
khari,खरी,Data1.csv
aadika,आदिका,Data1.csv
khani,खानी,Data1.csv
yarchagumba,यार्चागुम्बा,Data1.csv
jadibuti,जडिबुटी,Data1.csv
yak,याक,Data1.csv
yeti,यति,Data1.csv
chauri,चौरी,Data1.csv
gai,गाई,Data1.csv
kasturi,कस्तुरी,Data1.csv
jantu,जन्तु,Data1.csv
raheka,रहेका,Data1.csv
jharnharu,झरनाहरू,Data1.csv
nepalka,नेपालका,Data1.csv
nepali,नेपाली,Data1.csv
bhumima,भूमिमा,Data1.csv
se,से,Data1.csv
phoksundo,फोक्सुन्डो,Data1.csv
chorolpa,च्छोरोल्पा,Data1.csv
tilicho,तिलिचो,Data1.csv
tanharu,तानहरू,Data1.csv
jasle,जसले,Data1.csv
tyaha,त्यहाँ,Data1.csv
pugne,पुग्ने,Data1.csv
pratyek,प्रत्येक,Data1.csv
swarga,स्वर्ग,Data1.csv
pugeko,पुगेको,Data1.csv
aabhas,आभास,Data1.csv
dieko,दिएको,Data1.csv
pokharama,पोखरामा,Data1.csv
phewatal,फेवाताल,Data1.csv
beganastal,वेगनासताल,Data1.csv
surkheta,सुर्खेतमा,Data1.csv
bulbule,बुलबुले,Data1.csv
tal,ताल,Data1.csv
chitwanma,चितवनमा,Data1.csv
nandbhauju,नन्दभाउजू,Data1.csv
kasara,कसरा,Data1.csv
gadwal,गडवाल,Data1.csv
tamorhaila,तमोरघैला,Data1.csv
tan,तान,Data1.csv
hernaka,हेर्नका,Data1.csv
matra,मात्र,Data1.csv
ramra,राम्रा,Data1.csv
chhainan,छैनन्,Data1.csv
nauka,नौका,Data1.csv
vihar,विहार,Data1.csv
upayukta,उपयुक्त,Data1.csv
van,वन,Data1.csv
prajatika,प्रजातिका,Data1.csv
rukhaharu,रूखहरू,Data1.csv
painchha,पाइन्छ,Data1.csv
niryat,निर्यात,Data1.csv
aamdani,आम्दानी,Data1.csv
badhauna,बढाउन,Data1.csv
sakinchha,सकिन्छ,Data1.csv
jangalma,जंगलमा,Data1.csv
harro,हर्रो,Data1.csv
barro,बर्रो,Data1.csv
amala,अमला,Data1.csv
tejpat,तेजपात,Data1.csv
aiselu,ऐसेलु,Data1.csv
chutro,चुत्रो,Data1.csv
panchaule,पाँचऔंले,Data1.csv
aushadhi,औषधी,Data1.csv
banauna,बनाउन,Data1.csv
garinchha,गरिन्छ,Data1.csv
hamilai,हामीलाई,Data1.csv
prakritile,प्रकृतिले,Data1.csv
himalko,हिमालको,Data1.csv
lek,लेक,Data1.csv
pahadka,पहाडका,Data1.csv
hariya,हरिया,Data1.csv
ani,अनि,Data1.csv
taraiko,तराईको,Data1.csv
phot,फॉट,Data1.csv
nepaliko,नेपालीको,Data1.csv
pewa,पेवा,Data1.csv
tyasaile,त्यसैले,Data1.csv
aawashyak,आवश्यक,Data1.csv
bhagya,भाग्य,Data1.csv
badali,बदली,Data1.csv
bhabisya,भविष्य,Data1.csv
namaste,नमस्ते,Data2.csv
garchhu,गर्छु,Data2.csv
khaana,खाना,Data2.csv
naam,नाम,Data2.csv
bhisma,भीष्म,Data2.csv
ghar,घर,Data2.csv
janchhu,जान्छु,Data2.csv
usle,उस्ले,Data2.csv
phone,फोन,Data2.csv
garyo,गर्यो,Data2.csv
aaja,आज,Data2.csv
dinner,डिनर,Data2.csv
khane,खाने,Data2.csv
gardai,गर्दै,Data2.csv
des,देश,Data2.csv
ramro,राम्राे,Data2.csv
khaja,खाजा,Data2.csv
khelna,खेल्न,Data2.csv
khelxa,खेल्छ,Data2.csv
khaadi,खाडी,Data2.csv
kaali,काली,Data2.csv
kalli,कल्लि,Data2.csv
khalli,खल्ली,Data2.csv
mitti,मिट्टी,Data2.csv
miti,मिति,Data2.csv
khutta,खुट्टा,Data2.csv
kutaa,कुटा,Data2.csv
kukkur,कुकुर,Data2.csv
ghara,घरा,Data2.csv
gharai,घरै,Data2.csv
ghari,घरी,Data2.csv
ghadi,घडी,Data2.csv
jasko,जसको,Data2.csv
k,के,Data2.csv
tesko,त्यसको,Data2.csv
kahaa,कहाँ,Data2.csv
manko,मनको,Data2.csv
suni,सुनी,Data2.csv
ramri,राम्री,Data2.csv
phool,फूल,Data2.csv
sanga,संगा,Data2.csv
sãga,सँगा,Data2.csv
sasto,सस्तो,Data2.csv
mahango,महँगो,Data2.csv
krodh,क्रोध,Data2.csv
krodha,क्रोध,Data2.csv
yo,यो,Data2.csv
suninchha,सुनिन्छ,Data2.csv
tarakaari,तरकारी,Data2.csv
golbhaeda,गोल्भेडा,Data2.csv
pakyo,पाक्यो,Data2.csv
jhol,झोल,Data2.csv
jhola,झोला,Data2.csv
jhyaal,झ्याल,Data2.csv
bhrikuti,भृकुटी,Data2.csv
aasis,आशिष,Data2.csv
asis,अशिष,Data2.csv
swaasthya,स्वास्थ्य,Data2.csv
khaam,खाम,Data2.csv
dhamma,धम्म,Data2.csv
samay,समय,Data2.csv
samaya,समय,Data2.csv
naama,नामा,Data2.csv
kaam,काम,Data2.csv
parcha,पर्छ,Data2.csv
kaha,कहाँ,Data2.csv
janxau,जान्छौ,Data2.csv
gyan,ग्यान,Data2.csv
gyana,ज्ञान,Data2.csv
gjana,ग्जन,Data2.csv
dram,ड्राम,Data2.csv
dhram,ध्रम,Data2.csv
trka,त्र्क,Data2.csv
ṭca,ट्च,Data2.csv
ksa,क्षा,Data2.csv
ksya,क्ष्य,Data2.csv
bhism,भीष्म,Data3.csv
garchu,गर्छु,Data3.csv
m,म,Data3.csv
mya,माया,Data3.csv
kasto,कस्ता,Data3.csv
sanchai,सन्चै,Data3.csv
chu,छु,Data3.csv
jane,जाने,Data3.csv
bela,बेला,Data3.csv
aaune,आउने,Data3.csv
janchu,जान्छु,Data3.csv
padhaai,पढाइ,Data3.csv
dekhiyau,देखियौ,Data3.csv
birse,बिर्से,Data3.csv
sabaai,सबै,Data3.csv
thik,ठीक,Data3.csv
thaha,थाहा,Data3.csv
chhaina,छैन,Data3.csv
mlai,मलाई,Data3.csv
aaudina,आउदिन,Data3.csv
garnu,गर्नु,Data3.csv
bholi,भोलि,Data3.csv
bhetaula,भेटौँला,Data3.csv
ta,त,Data3.csv
thakko,थाक्को,Data3.csv
farkine,फर्किने,Data3.csv
yaad,याद,Data3.csv
aayo,आयो,Data3.csv
chhu,छु,Data3.csv
