score,track_a,artist_a,title_a,song_a,track_b,artist_b,title_b,song_b,same_song
1.0,amrit gurung|taalko paani machhile khani,Amrit Gurung,Taalko Paani Machhile Khani,,nepathya|tal ko pani,Nepathya,Tal Ko Pani,,0
1.0,anju pant deepak limbu|bhuinko phool,Anju Pant & Deepak Limbu,‎Bhuinko Phool,,anju panta deepak limbu|bhuin ko phool,"Anju Panta, Deepak Limbu",Bhuin Ko Phool,,0
1.0,anju panta hemant moktan|pal pal timro nai yaad,"Anju Panta, Hemant Moktan",Pal Pal Timro Nai Yaad,,anju panta|pal pal timrai nai yaad,Anju Panta,Pal Pal Timrai Nai Yaad,,0
1.0,anxmus x utsav|nepali pan 2 0,Anxmus x Utsav,Nepali Pan 2.0,,future bass anxmus x utsav|nepali pan 2 0,Future Bass Anxmus x Utsav,Nepali Pan 2.0,,0
1.0,archive org|salaijo v roshan chhantyal maya magar ly prabesh chhantyal tara mu pravin chhantyal,archive.org,Salaijo v-Roshan Chhantyal & Maya Magar ly-Prabesh Chhantyal Tara mu-Pravin Chhantyal,,archive org|salaijo v roshan chhantyal maya magar ly prabesh chhantyal tara mu pravin chhantyal prbt 70146009 smart 10115543,archive.org,Salaijo v-Roshan Chhantyal & Maya Magar ly-Prabesh Chhantyal Tara mu-Pravin Chhantyal prbt 70146009 smart 10115543-www.Devchulimp3.com,,0
1.0,deepak limbu|jeevan ke ho,Deepak Limbu,Jeevan Ke Ho,,deepak limbu|jeevan ke ho balla yati,Deepak Limbu,Jeevan Ke Ho Balla Yati,,0
1.0,dj cerberus me|are you in team 2nights mix by vlad dj nepali jarique,Dj Cerberus & me,are you in team (2nights mix/ by Vlad & dj nePali & Jarique),,vlad dj nepali feat jarique|are you in team 2night mix by vlad dj nepali jarique,Vlad & dj nePali feat. Jarique,Are you in team? (2night mix by Vlad & dj nePali & Jarique),,0
1.0,john rais steve blesh|5 a m milani edit,"John Rais, Steve Blesh",5 A. M. (Milani Edit),,john rais steven blesh|5 a m milani edit wcm,"John Rais, Steven Blesh",5 A. M. (Milani Edit) (WCM),,0
1.0,kunti moktan sindhu rana|lahure dai ko,"Kunti Moktan, Sindhu Rana",Lahure Dai Ko,,kunti moktan|lahure dai ko,Kunti Moktan,Lahure Dai Ko,,0
1.0,manose singh|09 sherpa song,Manose Singh,09. Sherpa Song,,manose singh|sherpa song,Manose Singh,Sherpa Song,,0
1.0,manose singh|09 sherpa song,Manose Singh,09. Sherpa Song,,manose|sherpa song,Manose,Sherpa Song,,0
1.0,manose singh|sherpa song,Manose Singh,Sherpa Song,,manose|sherpa song,Manose,Sherpa Song,,0
1.0,manya manib singh nepali babu|naya ba jawani,"Manya Manib Singh, NEPALI BABU",Naya Ba Jawani,,manya manib singh nepali babu|नया बा जवानी,"Manya Manib Singh, Nepali Babu",नया बा जवानी,,0
1.0,mukti and revival|meri mayalu,Mukti And Revival,Meri Mayalu,,mukti and revival|meri meri mayalu,Mukti And Revival,Meri Meri Mayalu,,0
1.0,nepali folk song|resam firirir w vocals,Nepali folk song,Resam Firirir w/ Vocals,,nepali music|resam firirir w vocals,Nepali music,Resam Firirir w/ Vocals,,0
1.0,nepathya|chekya chekyo,nepathya,chekya chekyo,,nepathya|hami nepali mutu chune song,nepathya,hami nepali mutu chune song,,0
1.0,pramod kharel|chokho maya,Pramod Kharel,Chokho Maya,,pramod kharel|sushma,Pramod Kharel,Sushma,,0
1.0,rajesh payal rai|preeti phulne phulbari,Rajesh Payal Rai,Preeti Phulne Phulbari,,rajesh payal rai|priti fulne,Rajesh Payal Rai,Priti Fulne,,0
1.0,sajjan adeeb marshal|challa tan ni mudeya,"Sajjan Adeeb, Marshal",Challa Tan Ni Mudeya,,sajjan adeeb|challa tan ni mudeya,Sajjan Adeeb,Challa Tan Ni Mudeya,,0
1.0,sherpa song हिन्सी हिन्सी|song,SHERPA SONG (हिन्सी हिन्सी,SONG,,sherpa|song,SHERPA,SONG,,0
1.0,sushant kc utsav|kheladi,"Sushant KC, Utsav",Kheladi,,sushant kc|kheladi,Sushant KC,Kheladi,,0
1.0,yam baral sarmila bardiwa|jaba hunchha timro sath,"Yam Baral, Sarmila Bardiwa",Jaba Hunchha Timro Sath,,yam baral|jaba hunchha timro satha,Yam Baral,Jaba Hunchha Timro Satha,,0
0.9999,kunti moktan|sapanima matra sadhain,Kunti Moktan,Sapanima Matra Sadhain,,kunti moktan|sapanima matra sandhai,Kunti Moktan,Sapanima Matra Sandhai,,0
0.9999,nabin k bhattarai|bachnalai sandhai,Nabin K Bhattarai,Bachnalai Sandhai,,nabin k bhattarai|banchnalai sadhain,Nabin K Bhattarai,Banchnalai Sadhain,,0
0.9999,nabin k bhattarai|har ghadi jiskirahanchu,Nabin K Bhattarai,Har Ghadi Jiskirahanchu,,nabin k bhattarai|raharai raharama,Nabin K Bhattarai,Raharai Raharama,,0
0.9999,yam baral feat anju panta|buddam saranam,Yam Baral feat. Anju Panta,Buddam Saranam,,yam baral feat anju panta|buddha,Yam Baral feat. Anju Panta,Buddha,,0
0.9998,kunti moktan|chyatiyako tasbir,Kunti Moktan,Chyatiyako Tasbir,,kunti moktan|chyatiyeko tasbir,Kunti Moktan,Chyatiyeko Tasbir,,0
0.9998,majnu thapa|maya ko fan by durgesh thapa arushi magar ft subash karki mahendra shahi,Majnu Thapa,Nepali Song Maya Ko Fan By  Durgesh Thapa Arushi Magar Ft. Subash Karki Mahendra Shahi,,nepalbuzz|maya ko fan by durgesh thapa arushi magar ft subash karki mahendra shahi,NepalBuzz,New Nepali Song Maya Ko Fan By  Durgesh Thapa Arushi Magar Ft. Subash Karki Mahendra Shahi,,0
0.9998,narayan gopal|birsera feri malaai,Narayan Gopal,Birsera Feri Malaai,,narayan gopal|jun phool maile,Narayan Gopal,Jun Phool Maile,,0
0.9998,yam baral sindhu rana|muluk khatir,"Yam Baral, Sindhu Rana",Muluk Khatir,,yam baral|mulukkhatir,Yam Baral,Mulukkhatir,,0
0.9997,kunti moktan indira gole|tinela lohosar melare,"Kunti Moktan, Indira Gole",Tinela Lohosar Melare,,raju lama kunti moktan|lochhar mela,"Raju Lama, Kunti Moktan",Lochhar Mela,,0
0.9997,kunti moktan|ekatir mayalu,Kunti Moktan,Ekatir Mayalu,,kunti moktan|ekatira mayalu,Kunti Moktan,Ekatira Mayalu,,0
0.9996,melina rai cd bijaya adhikari|shunya lagchha,"Melina Rai, CD Bijaya Adhikari",Shunya Lagchha,,melina rai cd vijaya adhikari|shunya lagchha cd melina,"Melina Rai, CD Vijaya Adhikari",Shunya Lagchha CD & Melina,,0
0.9996,yam baral|joonko kirana,Yam Baral,Joonko Kirana,,yam baral|jun ko kiran,Yam Baral,Jun Ko Kiran,,0
0.9995,deepak limbu anju panta|timi matra artha,"Deepak Limbu, Anju Panta",Timi Matra Artha,,deepak limbu anju panta|timi matrai,Deepak Limbu & Anju Panta,Timi Matrai,,0
0.9994,sushant kc feat the bangers|behos,Sushant KC feat. The Bangers,Behos,,sushant kc ruslan studio feat the bangers|behos,"Sushant KC, Ruslan Studio feat. The Bangers",Behos,,0
0.9993,deepak limbu|timi saath hunda,Deepak Limbu,Timi Saath Hunda,,deepak limbu|timi sath hunda,Deepak Limbu,Timi Sath Hunda,,0
0.9993,yam baral|hidnai nasakine,Yam Baral,Hidnai Nasakine,,yam baral|hidnai naskane bhiralo bato,Yam Baral,Hidnai Naskane Bhiralo Bato,,0
0.9988,narayan gopal meera rana|aankhaima kasaiko,"Narayan Gopal, Meera Rana",Aankhaima Kasaiko,,narayan gopal meera rana|aankham kasaka,"Narayan Gopal, Meera Rana",Aankham Kasaka,,0
0.9987,sanjeev singh|kaise chhui charaniya,Sanjeev Singh,Kaise Chhui Charaniya,,sanjeev singh|kaise chhui charaniya baghwe se darwa lage,Sanjeev Singh,Kaise Chhui Charaniya Baghwe Se Darwa Lage,,0
0.9985,pramod kharel|chhadi gayau nisthuri le,Pramod Kharel,Chhadi Gayau Nisthuri Le,,pramod kharel|chhadi gayeu nisthuri le,Pramod Kharel,Chhadi Gayeu Nisthuri Le,,0
0.9984,blueprint tv|blueprint tv unik poet stand up ft aid ray mixtape exclusive,Blueprint.TV,BLUEPRINT.TV - Unik Poet - Stand Up Ft. Aid Ray ***Mixtape Exclusive***,,nephop tv|unik poet stand up ft aid ray nephop tv,,,,0
0.998,deepak pun yam baral|basantako,"Deepak Pun, Yam Baral",Basantako,,yam baral|basantko,Yam Baral,Basantko,,0
0.9976,mana shrestha vten|ma pa se,"Mana Shrestha, VTEN",Ma Pa Se,,vten mana shrestha beatsbyhype|ma pa se,"VTEN, Mana Shrestha, beatsbyhype",Ma Pa Se,,0
0.9975,kishore kumar sushma shrestha poornima|aye mere bete,Kishore Kumar & Sushma Shrestha Poornima,Aye Mere Bete,,kishore kumar sushma shrestha|aye mere bete,"Kishore Kumar, Sushma Shrestha",Aye Mere Bete,,0
0.997,archive org|new hit teej song subakamana laxu malla ganga g m jharna arjun actor dhital films,archive.org,New Hit Teej song 2014 Subakamana - Laxu Malla & Ganga G.M- Jharna & Arjun (Actor) - Dhital Films www.lovenepal.net,,archive org|new_hit_teej_song_2014_subakamana_ _laxu_malla,archive.org,new_hit_teej_song_2014_subakamana_-_laxu_malla www.lovenepal.net,,0
0.9966,kishore kumar and sushma shrestha|tera mujhse duet,Kishore Kumar and Sushma Shrestha,Tera Mujhse (Duet),,sushma shrestha poornima kishore kumar|tera mujhse,Sushma Shrestha Poornima & Kishore Kumar,Tera Mujhse,,0
0.9965,lil buddha aka xxplicit 1|01064505,Lil Buddha .:aKa:.  XxpliciT-1,01064505,,lil buddha aka xxplicit 1|lone dont stop,Lil Buddha .:aKa:.  XxpliciT-1,lone dont stop,,0
0.9965,sam popat shaman|karma kandara deep mix deep mix,"Sam Popat, Shaman",Karma Kandara (Deep Mix) (Deep Mix),,shaman sam popat|karma kandara,"shaMan, Sam Popat",Karma Kandara,,0
0.9963,sanjeev singh|devra ke dalal colour,Sanjeev Singh,Devra Ke Dalal Colour,,sanjeev singh|iyaar sathe holi me,Sanjeev Singh,Iyaar Sathe Holi Me,,0
0.9961,amrit gurung|resham,Amrit Gurung,Resham,,nepathya|reshamm,Nepathya,Reshamm,,0
0.9961,archive org|jau sanu maita by prem dailekhi gagan bibash and sapana shahi new teej song,archive.org,"Jau Sanu Maita By Prem Dailekhi, Gagan Bibash and Sapana Shahi- New Teej Song 2073 www.Lovenepal.net",,archive org|jau sanu maita by prem dailekhi gagan bibash and sapana shahi new teej song mp3 listen,archive.org,"Jau Sanu Maita By Prem Dailekhi, Gagan Bibash and Sapana Shahi- New Teej Song 2073 MP3 Listen www.Lovenepal.net",,0
0.9959,archive org|didi bahini teej song,archive.org,Didi Bahini Teej Song www.lovenepal.net,,archive org|didi_bahini_teej_song_,archive.org,didi_bahini_teej_song_www.lovenepal.net,,0
0.9959,kunti moktan|choli ramro,Kunti Moktan,Choli Ramro,,kunti moktan|kina yasto hunchha,Kunti Moktan,Kina Yasto Hunchha,,0
0.9958,yam baral|yata uta charai dishama,Yam Baral,Yata Uta Charai Dishama,,yam baral|yata uta charaidisha,Yam Baral,Yata Uta Charaidisha,,0
0.9957,narayan gopal aasha bhosle|pahadako mathi mathi,"Narayan Gopal, Aasha Bhosle",Pahadako Mathi Mathi,,narayan gopal aasha bhosle|pahadko maathi maathi,"Narayan Gopal, Aasha Bhosle",Pahadko Maathi Maathi,,0
0.9957,vten beatsbyhype|haalkhabar,"VTEN, beatsbyhype",Haalkhabar,,vten|haalkhabar,VTEN,Haalkhabar,,0
0.9954,sanjeev singh|godiya saal bhar me bhar delas,Sanjeev Singh,Godiya Saal Bhar Me Bhar Delas,,sanjeev singh|godiya saale bhar me bhar delash,Sanjeev Singh,Godiya Saale Bhar Me Bhar Delash,,0
0.995,deepak limbu mandavi tripathi mahesh khadka tara prakash limbu|thopa thopa mile,"Deepak Limbu, Mandavi Tripathi, Mahesh Khadka, Tara Prakash Limbu",Thopa Thopa Mile,,mahesh khadka tara prakesh mandavi tripathi deepak limbu|thopa thopa mile pachhi ta,"Mahesh Khadka, Tara Prakesh, Mandavi Tripathi, Deepak Limbu",Thopa Thopa Mile Pachhi Ta,,0
0.995,prakash shrestha|ke ke sochen,Prakash Shrestha,Ke Ke Sochen,,prakash shrestha|ke sochen,Prakash Shrestha,Ke Sochen,,0
0.995,sanjeev singh antra singh priyanka|khela bhail ba palang p,"Sanjeev Singh, Antra Singh Priyanka",Khela Bhail Ba Palang P,,sanjeev singh|khela bhail ba palang pa,Sanjeev Singh,Khela Bhail Ba Palang Pa,,0
0.995,sanjeev singh|bhatar ke rang iyaar ke sang,Sanjeev Singh,Bhatar Ke Rang Iyaar Ke Sang,,sanjeev singh|galiya rangha tu humar,Sanjeev Singh,Galiya Rangha Tu Humar,,0
0.9949,nima rumba|aafnai desha pyaro,Nima Rumba,Aafnai Desha Pyaro,,nima rumba|afnai desh pyaro,Nima Rumba,Afnai Desh Pyaro,,0
0.9947,ani choying drolma|kheldai thiye,Ani Choying Drolma,Kheldai Thiye,,ani choying drolma|om tare tutare,Ani Choying Drolma,Om Tare Tutare,,0
0.9946,indru syanbo kunti moktan|dheraidherai sutyau hami,"Indru Syanbo, Kunti Moktan",Dheraidherai Sutyau Hami,,prakash shrestha|sunna feri yehi deshma,Prakash Shrestha,Sunna Feri Yehi Deshma,,0
0.9945,narayan gopal|yasaigari bitaidinchhu,Narayan Gopal,Yasaigari Bitaidinchhu,,narayan gopal|yesai gari bitaidinchhu,Narayan Gopal,Yesai Gari Bitaidinchhu,,0
0.9945,nira ranabhat deepak limbu|aau garau piratika,"Nira Ranabhat, Deepak Limbu",Aau Garau Piratika,,nira ranabhat feat deepak limbu|aau garau pirati,Nira Ranabhat Feat. Deepak Limbu,Aau Garau Pirati,,0
0.9939,archive org|tanka timilsina ko new teej song juneli raataiko chhayale,archive.org,Tanka Timilsina ko new teej song juneli raataiko chhayale www.Lovenepal.net,,archive org|tanka timilsina ko new teej song juneli raataiko chhayale v tanka timilsina rajani lama laya sabda tanka timilsina2073,archive.org,"Tanka Timilsina ko new teej song juneli raataiko chhayale v-tanka timilsina,rajani lama,laya-sabda-tanka timilsina2073 www.Lovenepal.net",,0
0.9939,nabin k bhattarai|yadi maile guitar,Nabin K Bhattarai,Yadi Maile Guitar,,nabin k bhattarai|yedi maile guitar,Nabin K. Bhattarai,Yedi Maile Guitar,,0
0.9938,fuu js|555 topendra 20 official chirag singh khadka 555 topendra 2 lyrics lyrical song lyri,Fuu Js,555 -Topendra 20 Official Lyrical VideoChirag Singh Khadka 555 topendra 2 lyrics Lyrical Song - Lyri,,sampanna bhatta|chirag_khadka_5_55___topendra_2_0__lyrics,sampanna bhatta,#chirag_khadka_5_55___Topendra_2_0__Lyrics(360p),,0
0.9936,deepak limbu sarita panthi|phool fulyo akash khulyo,"Deepak Limbu, Sarita Panthi",Phool Fulyo Akash Khulyo,,deepak limbu sarita panthi|phulai phulyo aakash khulyo,Deepak Limbu & Sarita Panthi,Phulai Phulyo Aakash Khulyo,,0
0.9935,birbal bhujel|sailo ma charghare video birbal bhujel original song by bishwodong,,,,bishwo dong|sailo ma charghare साईलो म चारघरे by bishwo dong new nepali lok pop song,,,,0
0.9935,chanchal maharjan|03 maitighar,Chanchal Maharjan,03 Maitighar,,तिम्रो सम्झनामा|maitighar basanta nai basna kutumba band instrumental,तिम्रो सम्झनामा,Maitighar - Basanta Nai Basna - Kutumba Band Instrumental,,0
0.9934,chetna|phool tumhe shradha ke arpan hey shiv shankar tripurari,Chetna,Phool Tumhe Shradha Ke Arpan Hey Shiv Shankar Tripurari,,rakesh kala chetna|phool tumhe shradha ke arpan hai shiv shankar kripurari,"Rakesh Kala, Chetna",Phool Tumhe Shradha ke Arpan Hai Shiv Shankar Kripurari,,0
0.9934,sanjeev singh|hazaribagh hospitalwa,Sanjeev Singh,Hazaribagh Hospitalwa,,sanjeev singh|sharda bhawani,Sanjeev Singh,Sharda Bhawani,,0
0.9933,archive org|bishnu majhi teej song vinaju palkera putali ko vatti,archive.org,Bishnu majhi teej song 2070 vinaju palkera Putali ko vatti,,archive org|bishnu_majhi_teej_song_2070_vinaju_palkera_putali_ko_vatti_ 9_fm_cd_crbt0130041628prbt 60447820_,archive.org,bishnu_majhi_teej_song_2070_vinaju_palkera_putali_ko_vatti_-9_fm_cd_crbt0130041628prbt-60447820_www.Devchuli6.com,,0
0.9933,sangit sargam|argha darbar films pvt preseent basant lamsal sirjana pokhrel new teej gee,Sangit Sargam,Argha Darbar films pvt preseent Basant lamsal & sirjana pokhrel new teej gee www.sangitsargam.com,,sangit sargam|argha darbar films pvt preseent basant lamsal sirjana pokhrel new teej geet,Sangit Sargam,Argha Darbar Films Pvt Preseent Basant Lamsal & Sirjana Pokhrel New Teej Geet,,0
0.9932,shandilya banerjee|fulbari,Shandilya Banerjee,Fulbari,,shandilya banerjee|shandilya x rxyam fulbari bangla rap,,,,0
0.9931,archive org|aamaa yama buddha ft mistah k nepsyd,archive.org,AAMAA - YAMA BUDDHA ft. MISTAH K (NEPSYD,,ladup lama|yama buddha aamaa ft mistah k,Ladup Lama,Yama Buddha- Aamaa Ft. Mistah k,,0
0.9931,lyrical nepal|maya le vane bisai pani pidiula sailo ma charghare,,,,sky lyrics|mayale vane bisaima ni pidiula lyrics sailo ma charghare lyrics bishwo dong,,,,0
0.9931,sanjeev singh antra singh priyanka|khela bhail ba palang p,"Sanjeev Singh, Antra Singh Priyanka",Khela Bhail Ba Palang P,,sanjeev singh|khela bhayil ba palang pe,Sanjeev Singh,Khela Bhayil Ba Palang Pe,,0
0.993,deepak limbu anju panta|aayo timro yaad aayo,"Deepak Limbu, Anju Panta",Aayo Timro Yaad Aayo,,deepak limbu|aayo timro yaad aayo,Deepak Limbu,Aayo Timro Yaad Aayo,,0
0.993,nabin k bhattarai|dar namannu,Nabin K. Bhattarai,Dar Namannu,,nabin k bhattarai|darr na mannu,Nabin K Bhattarai,Darr Na Mannu,,0
0.9929,deepak limbu|sustari bole,Deepak Limbu,Sustari Bole,,deepak limbu|sustari bolun bhanchhu,Deepak Limbu,Sustari Bolun Bhanchhu,,0
0.9929,yam baral sukmit gurung|manaibhari pairo gayo,Yam Baral & Sukmit Gurung,Manaibhari Pairo Gayo,,yam baral sukmit gurung|mannaibhari paihro,"Yam Baral, Sukmit Gurung",Mannaibhari Paihro,,0
0.9928,archive org|60447820,archive.org,60447820,,archive org|bishnu majhi teej song vinaju palkera putali ko vatti,archive.org,Bishnu majhi teej song 2070 vinaju palkera Putali ko vatti,,0
0.9928,shaban jani|nawein nawein sajjan,Shaban Jani,Nawein Nawein Sajjan,,shaban jani|nawey nawey sajjan,Shaban Jani,Nawey Nawey Sajjan,,0
0.9928,suraj|bluesss ft lil buddha vten la la la la new rap song,suraj,"Bluesss ft - Lil Buddha, VTEN La la La La (new rap song)",,young khaling|la_la_la_ _bluesss_ft _lil_buddha_and_vten_ mp3,YOUNG KHALING,LA_LA_LA_-_Bluesss_ft._Lil_Buddha_And_VTEN_(Lyrics).mp3,,0
0.9927,sanjeev singh khushi kakkar|mal naya sal me,"Sanjeev Singh, Khushi Kakkar",Mal Naya Sal Me,,sanjeev singh shivani singh|holiya me chhod delas mal,"Sanjeev Singh, Shivani Singh",Holiya Me Chhod Delas Mal,,0
0.9925,sanjeev singh antra singh priyanka|balam ji devghar ghumadi,"Sanjeev Singh, Antra Singh Priyanka",Balam Ji Devghar Ghumadi,,sanjeev singh|maja mare ke aaj rati me,Sanjeev Singh,Maja Mare Ke Aaj Rati Me,,0
0.9924,vten beatsbyhype|manchhe khattam,"VTEN, beatsbyhype",Manchhe Khattam,,vten|maanchhe khattam,VTEN,Maanchhe Khattam,,0
0.9923,bishwo dong|salaijo feat chija moktan tamang,Bishwo Dong,Salaijo (feat. Chija Moktan Tamang),,indreni digital media|new nepali salijo नया सालैजो bishow dong chij pahichan,Indreni Digital Media,New Nepali Salijo // नया सालैजो // Bishow Dong & Chij // Pahichan //,,0
0.9923,nima rumba|block heel shoes,Nima Rumba,Block Heel Shoes,,nima rumba|block hill,Nima Rumba,Block Hill,,0
0.9922,prakash shrestha lochhan bhattarai|chahe geet sunau,Prakash Shrestha & Lochhan Bhattarai,Chahe Geet Sunau,,prakash shrestha|chahe geet sunau,Prakash Shrestha,Chahe Geet Sunau,,0
0.9922,qaiser kandara raza bhatti feat raza fida|sada v pakistan aa,"Qaiser Kandara, Raza Bhatti feat. Raza Fida",Sada V Pakistan Aa,,raza bhatti qaiser kandara feat raza fida|sada v pakistan aa 2 0,"Raza Bhatti, Qaiser Kandara feat. Raza Fida",Sada V Pakistan Aa 2.0,,0
0.9921,archive org|parivesh salaijo,archive.org,Parivesh - Salaijo,,s collection|salaijo macchapuchhre sirai ma fewa tal by tilak bom malla,Nepali Songs Collection,Salaijo : Macchapuchhre Sirai ma fewa tal by Tilak bom Malla,,0
0.9921,nepali lyrics|resham firiri nepali folk song,,,,nepali swara sangam|resham firiri lyrical karaoke sing along nepali folk classic,Nepali Swara Sangam,Resham Firiri Lyrical Karaoke Sing Along Nepali Folk Classic,,0
0.992,banya official|resham firiri michi kobin ar 01 nepali folk song,,,,gungte frames|resham firi ri michi kobin ar 01 miss arunachal seppa,,,,0
0.9917,mantra band official|lahure a tale of a soldier mantra feat karma,,,,mantra band topic|lahure,Mantra Band - Topic,Lahure,,0
0.9916,birbal bhujel|sailo ma charghare video birbal bhujel original song by bishwodong,,,,tamang kind|sailo ma charghare r bishwo dong ii lyrics song ii nepali,Tamang Kind,Sailo Ma CharGhare R BISHWO DONG II Lyrics Song II Nepali ..,,0
0.9911,sanjeev singh|khela bhail ba palang pa,Sanjeev Singh,Khela Bhail Ba Palang Pa,,sanjeev singh|khela bhayil ba palang pe,Sanjeev Singh,Khela Bhayil Ba Palang Pe,,0
0.9907,sanjeev singh|devghar abki jayib nando,Sanjeev Singh,Devghar Abki Jayib Nando,,sanjeev singh|devghar jaiab ae nando,Sanjeev Singh,Devghar Jaiab Ae Nando,,0
0.9906,melina rai|harek sajh,Melina Rai,Harek Sajh,,melina rai|harek sanjh,Melina Rai,Harek Sanjh,,0
0.9905,deepak limbu feat malika karki|galti bhoki jindagima,Deepak Limbu Feat. Malika Karki,Galti Bhoki Jindagima,,deepak limbu mallika karki|galti bho ki jindagi,"Deepak Limbu, Mallika Karki",Galti Bho Ki Jindagi,,0
0.9905,kunti moktan|rudai chu ma,Kunti Moktan,Rudai Chu Ma,,kunti moktan|rudaichhu ma,Kunti Moktan,Rudaichhu Ma,,0
