audio_song_id,final_song_id,status,track_key,audio_artist,audio_title
A-92dcb83b82,4160,merged,anuprastha|adutiya,Anuprastha,Adutiya
A-5b16606847,4161,merged,anuprastha|sukha ra dukha,Anuprastha,Sukha Ra Dukha
A-cbcf93e0d0,4162,merged,artmandu|chainejo jindaganima,ARTMANDU,Chainejo Jindaganima | Movie Song [ऊनको स्वीटर] Sujan Chapagain | Salina B.K | Alex & Parikshya
A-6e19f3ec4e,4163,merged,astha raut|jhaljhal garne company mala,Astha Raut,Jhaljhal Garne Company Mala
A-1f808ed46a,4164,merged,deepak limbu|hajar tara,Deepak Limbu,Hajar Tara
A-07540e094d,4165,merged,kandara group|bishwasko diyo,Kandara Group,Bishwasko Diyo
A-a8ebb3a8a5,4166,merged,kandara|kata siapa,Kandara,Kata Siapa
A-879382e028,4167,merged,melina rai aashish thapa|mero raja,"Melina Rai, Aashish Thapa",Mero Raja
A-f9da7a3241,4168,merged,melina rai|timle bato fereu are,Melina Rai,Timle Bato Fereu Are
A-c37847465a,4169,merged,melina rai|timle bato fereu are 3,Melina Rai,Timle Bato Fereu Are 3
A-e14657dcf0,4170,merged,nabin k bhattarai|aai aai ya,Nabin K Bhattarai,Aai Aai Ya
A-3470378713,4171,merged,nabin k bhattarai|bajauda bajaudai,Nabin K Bhattarai,Bajauda Bajaudai
A-5e16a95d25,4171,duplicate_mapped,nabin k bhattarai|bajaunda bajaunda,Nabin K Bhattarai,Bajaunda Bajaunda
A-da1ba0bebc,4172,merged,nabin k bhattarai|bhetna man lagyo,Nabin K Bhattarai,Bhetna Man Lagyo
A-010d90e933,4173,merged,nabin k bhattarai|bhijeko najarle,Nabin K Bhattarai,Bhijeko Najarle
A-a7bb5c3c3e,4173,duplicate_mapped,nabin k bhattarai|bhujeko najar,Nabin K Bhattarai,Bhujeko Najar
A-d88b0a27ea,4174,merged,nabin k bhattarai|biteka ti pal haru,Nabin K Bhattarai,Biteka Ti Pal Haru
A-b09876f401,4175,merged,nabin k bhattarai|darr na mannu,Nabin K Bhattarai,Darr Na Mannu
A-ea64bd4105,4176,merged,nabin k bhattarai|dobato,Nabin K. Bhattarai,Dobato
A-e173d35eaa,4177,merged,nabin k bhattarai|jeevanma khusi,Nabin K Bhattarai,Jeevanma Khusi
A-325cdea66a,4178,merged,nabin k bhattarai|jindagi bageko khola,Nabin K Bhattarai,Jindagi Bageko Khola
A-50cf4932fb,4179,merged,nabin k bhattarai|khushiyali ajhaie,Nabin K. Bhattarai,Khushiyali Ajhaie
A-50238fbe99,4180,merged,nabin k bhattarai|rakhi deu hai,Nabin K Bhattarai,Rakhi Deu Hai
A-996ac89b2d,4181,merged,nabin k bhattarai|sanjha dhaldaichha,Nabin K Bhattarai,Sanjha Dhaldaichha
A-b97df04491,4182,merged,narayan gopal meera rana|aankhaima kasaiko,"Narayan Gopal, Meera Rana",Aankhaima Kasaiko
A-5ec5db3251,4182,duplicate_mapped,narayan gopal mira rana|aankhaima kasaiko,"Narayan Gopal, Mira Rana",Aankhaima Kasaiko
A-e34710ecf0,4183,merged,narayan gopal|janmera kokhama,Narayan Gopal,Janmera Kokhama
A-ffcdb31c28,4184,merged,narayan gopal|kulchera gayau sara,Narayan Gopal,Kulchera Gayau Sara
A-b3f30294ab,4185,merged,narayan gopal|mero yo geetma,Narayan Gopal,Mero Yo Geetma
A-0b99cbae80,4186,merged,narayan gopal|piunda piundai,Narayan Gopal,Piunda Piundai
A-1a14d9aa86,4187,merged,narayan gopal|sero ra fero,Narayan Gopal,Sero Ra Fero
A-e79dbac24c,4188,merged,nepathya|aina le rupko,Nepathya,Aina Le Rupko
A-8af6d8db73,4189,merged,nima rumba|aafnai desha pyaro,Nima Rumba,Aafnai Desha Pyaro
A-f2e45dcebc,4190,merged,nima rumba|happy birthday,Nima Rumba,Happy Birthday
A-b54b0f05c9,4191,merged,nima rumba|sweet heart,Nima Rumba,Sweet Heart
A-4a264cbd44,4192,merged,pahenlo batti muni|aina ra daag,Pahenlo Batti Muni,Aina Ra Daag
A-93fe3c248c,4193,merged,pahenlo batti muni|bichitra,Pahenlo Batti Muni,Bichitra
A-477fe3e832,4194,merged,pahenlo batti muni|kripaya,Pahenlo Batti Muni,Kripaya
A-6d14c32f0f,4195,merged,pahenlo batti muni|lori,Pahenlo Batti Muni,Lori
A-563b606368,4196,merged,prakash shrestha kumar basnet bimala rai sukmit gurung|dekhe pachhi,"Prakash Shrestha, Kumar Basnet, Bimala Rai, Sukmit Gurung",Dekhe Pachhi
A-aa7f4246d7,4197,merged,rachana dahal|brahmanda,Rachana Dahal,Brahmanda
A-e8c0dbf0db,4198,merged,rachana dahal|hey bhagwan,Rachana Dahal,Hey Bhagwan
A-902cf90518,4199,merged,ram krishna dhakal|jane le ta,Ram Krishna Dhakal,Jane Le Ta
A-627fb4a83a,4200,merged,ram thapa|joor joor madal,Ram Thapa,Joor Joor Madal
A-7651a92274,4201,merged,sabin rai the pharaoh|raftaar,"Sabin Rai, The Pharaoh",Raftaar
A-8bb52c3cbc,4202,merged,sabin rai the pharaoh|sutukka,"Sabin Rai, The Pharaoh",Sutukka
A-6653c9311b,4203,merged,sabin rai|akorinchhu,Sabin Rai,Akorinchhu
A-873fde3c56,4204,merged,sabin rai|daya baya,Sabin Rai,Daya Baya
A-fde37b3fd8,4205,merged,sabin rai|kahan dekhi kahan samma,Sabin Rai,Kahan Dekhi Kahan Samma
A-8b211396eb,4206,merged,sugam pokharel|eauta manchhe,Sugam Pokharel,Eauta Manchhe
A-cdce53439e,4207,merged,sugam pokharel|holi,Sugam Pokharel,Holi
A-d5188b956d,4208,merged,sugam pokharel|jaba raat,Sugam Pokharel,Jaba Raat
A-3cbcaba0ab,4209,merged,sugam pokharel|k yehi prem ho,Sugam Pokharel,K Yehi Prem Ho
A-228256b26f,4210,merged,sugam pokharel|lagchha malai,Sugam Pokharel,Lagchha Malai
A-050cff35d8,4211,merged,sugam pokharel|satya rahechha,Sugam Pokharel,Satya Rahechha
A-919c9f44c4,4212,merged,sugam pokharel|yasari,Sugam Pokharel,Yasari
A-58df69c2ff,4213,merged,the edge band|traash,The Edge Band,Traash
