audio_song_id,track_key,audio_artist,audio_title,duration_s,n_files,lyrics_source,source_url,category,title_clean,artist_clean,lyrics_devanagari,line_count,char_count,script_style_original,script_style_cleaned,transliterated,token_count
A-92dcb83b82,anuprastha|adutiya,Anuprastha,Adutiya,290.0,1,lrclib_get,https://lrclib.net/api/get/11783230,nepali,Adutiya,Anuprastha,"जून हेरेँ, तारा पनि
तिम्रो रूप खोज्न
अद्वितीय तिम्रो रूप
तर सकिनँ पाउन
नशालु नयन
लजालु शिर
घुम्टो भित्र लुकाई
नजाऊ न भागी तिमी
मेरो यो दिललाई तड्पाई
हर रात बित्छ तिम्रो नै यादमा
तड्पिन्छ मन भेट्न फेरि प्रभातमा
हर रात बित्छ तिम्रो नै यादमा
तड्पिन्छ मन भेट्न फेरि प्रभातमा
नजर जुधाउँदा, नजर झुकाउँदा
नजर जुधाउँदा, नजर झुकाउँदा
म हरपल हराउँछु, तिमीलाई सम्झिँदा
गीत तिमी, धुन तिमी
नजाऊ न भागी तिमी
मेरो यो दिललाई तड्पाई
जून हेरेँ, तारा पनि
तिम्रो रूप खोज्न
अद्वितीय तिम्रो रूप
तर सकिनँ पाउन
नशालु नयन
लजालु शिर
घुम्टो भित्र लुकाई
नजाऊ न भागी तिमी
मेरो यो दिललाई तड्पाई",28,564,devanagari,devanagari,0,103
A-5b16606847,anuprastha|sukha ra dukha,Anuprastha,Sukha Ra Dukha,322.0,1,lrclib_get,https://lrclib.net/api/get/38035745,nepali,Sukha Ra Dukha,Anuprastha,"मात्र अँध्यारोमा बस्न खोज्नेले
उज्यालोमा के पो देख्छ र?
विवशतामा अल्झेको मेरो जीवनले
पीडा बाहेक अरू के नै दिन सक्छ र?
हर मोडबाट भागी हिँडी यहाँ रोकूँ म कसरी?
अल्झिएता पनि तिम्रो मायामा, म भाग्दै छु यसरी
यसरी नै जाँदै छु तिमीलाई छोडेर
जाँदै छु तिमीलाई छोडेर
जाँदै छु तिमीलाई छोडेर
जाँदै छु तिमीलाई छोडेर
आज यहाँ, भोलि कहाँ?
यही नै मेरो जीवनको यात्रा हो
हाँसो देखाई आँसुलाई पिउनु
बाँचिरहनको लागी कोसिस मात्र हो
आँसु सुकिसक्यो, मन मरिसक्यो रोइदिऊँ कसरी?
तर आँखाभरि तिम्रो आँसु देख्दा छाती दुख्दछ बेसरी
यसरी नै जाँदै छु तिमीलाई छोडेर
जाँदै छु तिमीलाई छोडेर
जाँदै छु तिमीलाई छोडेर
जाँदै छु तिमीलाई छोडेर
सुख र दुःखको बीचमा बसेर
सास फेर्न गाह्रो भो
कठोर यो मनलाई सम्हाल्न मैले खोज्दा
झन्-झनै साह्रो भो
अनि आइपुगेँ तिम्रो नजिक यो जीवनलाई मोडेर
मैले माया पाएँ तिमीबाट यो मुटु जोडेर
तर के गर्नु? जाँदै छु तिमीलाई छोडेर
जाँदै छु तिमीलाई छोडेर
जाँदै छु तिमीलाई छोडेर
जाँदै छु तिमीलाई छोडेर",30,878,devanagari,devanagari,0,158
A-cbcf93e0d0,artmandu|chainejo jindaganima,ARTMANDU,Chainejo Jindaganima | Movie Song [ऊनको स्वीटर] Sujan Chapagain | Salina B.K | Alex & Parikshya,262.0,1,lrclib_search,https://lrclib.net/api/get/33933885,nepali,Chainejo Jindaganima | Movie Song [ऊनको स्वीटर] Sujan Chapagain | Salina B.K | Alex & Parikshya,ARTMANDU,"छयाम्मै जाला पानी मा होई
आँखा पर्यो नानी मा
राम्री तिमी फुल झै
सितल तिमी जुन झै
छयामै जाला पानी म होई
आँखा पर्यो नानी मा
राम्री तिमी फुल झै
सितल तिमी जुन झै
उजेली छौ सुन भन्दा
के चाहियो र यो भन्दा
चाइनेजो जिन्दगानी मा
चाइनेजो जिन्दगानी मा
चाइनेजो जिन्दगानी मा
होइ होइ होइ... होइ होइ होइ
चाइनेजो जिन्दगानी मा
खुकुरी लाई पितल चापा
हँसिया लाई बाला
कति हेर्छौ दायिने देब्रे
जवँन ओइली जला
जवँन ओइली जला
मेरो घर को ढैलो ठूलो
आँगन चारै कुणे
ना बिजुली ना तापानस
तिमी भए हुने एहो
तिमी भए हुने
राम्रो तिमी फुल झै
सितल तिमी जुन झै
उजेली छौ सुन भन्दा
के चाहियो र यो भन्दा
चाइनेजो जिन्दगानी मा
चाइनेजो जिन्दगानी मा
चाइनेजो जिन्दगानी मा
होइ होइ होइ... चाइनेजो जिन्दगानी मा
ताल माछी भयो पो
जाल म पर्थ्यो नि
पाके को फूल भयो पो
हात म झर्ने थ्यो नि
हो हो हो
ताल माछी भयो पो
जाल म पर्थ्यो नि
पाके को फूल भयो पो
हात म झर्ने थ्यो नि
हात का रेखा हटाई म
हिउँ जस्तै बिताए
उडी जला बिसा तारा
बिरको चाइ मिलाए
राम्रो नै छुँ फूल भन्दा
के चाहियो र यो भन्दा
चाइनेजो जिन्दगानी मा
चाइनेजो जिन्दगानी मा
चाइनेजो जिन्दगानी मा
होइ होइ होइ... चाइनेजो जिन्दगानी मा",52,1025,devanagari,devanagari,0,208
A-6e19f3ec4e,astha raut|jhaljhal garne company mala,Astha Raut,Jhaljhal Garne Company Mala,268.0,1,lrclib_get,https://lrclib.net/api/get/32942673,nepali,Jhaljhal Garne Company Mala,Astha Raut,"झलझल गर्ने कम्पनी माला
नझल्काइदेऊ झुमाको मन खाला
झलझल गर्ने कम्पनी माला
नझल्काइदेऊ झुमाको मन खाला
नलाइदेऊ झुमा नलाइदेऊ
ज्यान जाने पिरती नलाइदेऊ
नलाइदेऊ झुमा नलाइदेऊ
ज्यान जाने पिरती नलाइदेऊ
फुकाइदेऊ झुमा फुकाइदेऊ
रोइरहने मोहनी फुकाइदेऊ
फुकाइदेऊ झुमा फुकाइदेऊ
रोइरहने मोहनी फुकाइदेऊ
कम्पनी कम्पनी कम्पनी
लाहुरेले ल्याइदेको कम्पनी
कम्पनी कम्पनी कम्पनी
लाहुरेले ल्याइदेको कम्पनी
कान्छीले लाएको देखेर झुमा
सोच्दी हो लाइदिऊँ कि मै पनि
फुलेकी झुमा छ भीरैमा
लाउँदैन कसैले सिरैमा
हो फुलेकी झुमा छ भीरैमा
लाउँदैन कसैले सिरैमा
भीरैमा भए नि हाँसिदेऊ झुमा
नबस ओइलेर पीरैमा
फुकाइदेऊ झुमा फुकाइदेऊ
रोइरहने मोहनी फुकाइदेऊ
रोइरहने मोहनी फुकाइदेऊ
झलझल गर्ने कम्पनी माला
नझल्काइदेऊ झुमाको मन खाला
नाचौँला नाचौँला नाचौँला
बारुले कम्मर भाचौँला
नाचौँला नाचौँला नाचौँला
बारुले कम्मर भाचौँला
मनमा फुलेको यो चोखो माया
कसैलाई नभनी साँचौँला
कर्ममा यस्तै रे झुमाको
हुने हो कसरी एउटाको
हो कर्ममा यस्तै रे झुमाको
हुने हो कसरी एउटाको
कोही छैन भने नि नाचिदेऊ झुमा
जिन्दगी भैसक्यो देउताको
नलाइदेऊ झुमा नलाइदेऊ
ज्यान जाने पिरती नलाइदेऊ
फुकाइदेऊ झुमा फुकाइदेऊ
रोइरहने मोहनी फुकाइदेऊ
रोइरहने मोहनी फुकाइदेऊ
झलझल गर्ने कम्पनी माला
नझल्काइदेऊ झुमाको मन खाला
झलझल गर्ने कम्पनी माला
नझल्काइदेऊ झुमाको मन खाला
झलझल गर्ने कम्पनी माला
नझल्काइदेऊ झुमाको मन खाला",52,1218,devanagari,devanagari,0,190
A-1f808ed46a,deepak limbu|hajar tara,Deepak Limbu,Hajar Tara,258.0,1,lrclib_search,https://lrclib.net/api/get/29769177,nepali,Hajar Tara,Deepak Limbu,"पहिलो पल्ट देखे उनलाई हजारौंको हुलमा अरु भन्दा अर्काई लाग्छ
दुख लाग्थो जिन्दगीले आकार नपाउँदा
तिरस लाग्थो सपनाले",3,112,romanized,devanagari,1,18
A-07540e094d,kandara group|bishwasko diyo,Kandara Group,Bishwasko Diyo,310.0,1,lrclib_get,https://lrclib.net/api/get/11783599,nepali,Bishwasko Diyo,Kandara Group,"विश्वास को दियो जलाइ बसेको थिए
विश्वास को दियो जलाइ बसेको थिए
मन म आशा सजाइ राखेको थिए
मायालु सम्झी मायालु सम्झी
गीत गाउँदै म बसेको थिए
गीत गाउँदै म बसेको थिए
Hey hey hey. हम्म हम्म हम्म
बिछोड को त्यो असर लुकाई बसेकोछु
बिछोड को त्यो असर लुकाई बसेकोछु
रुदै एक्लै आम बसेको छु
हम्म हम्म हम्म... hey hey hey
पुराना ती दिन हरु यदि हरायेन हुन्थे
पुराना ती दिन हरु यदि हरायेन हुन्थे
ओइलिएको जीवन आज फेरी फुली दिन्थे
फेरी फुली दिन्थे
फेरी फुली दिन्थे
नशा म अफु लाई दुबै बसेकोछु
नशा म अफु लाई दुबै बसेकोछु
उज्यालो नै दिन म निन्द्रा मै रहेको छु
ताडिए ती पल हरु
ताडिए ती पल हरु
पच्याउदै म बसेको छु
पच्याउदै म बसेको छु
हम्म हम्म हम्म... hey hey hey",24,636,romanized,mixed,1,129
A-a8ebb3a8a5,kandara|kata siapa,Kandara,Kata Siapa,234.0,1,lrclib_get,https://lrclib.net/api/get/11785191,nepali,Kata Siapa,Kandara,"हु-उउ
हु-हु-हु-हु-हु
हु-उउ
हु-उउ
कु तक पेर्नः बिष
तुन्जुक्कन अप याङ कुरासा
करेन टक्कन अदा
याङ बिष मेङ्गगम्बरकन सेमुआ
तक अदा अलसन
उन्तुक बिष उङ्कपकन सेरिटा
करेन सिन्टा याङ कुरासा
तेर्सिम्पन दलम रहसिया
कान टर्जरस सेइरिङ जलन वक्तु
याङ कुटाहु सिन्टाकु हान्यालः उन्तुकमु
सम्पै वक्तुकु दि दुनियाँ
कु तक पेर्नः बिष
तुन्जुक्कन अप याङ कुरासा
तक अदा अलसन
उन्तुक बिष उङ्कपकन सेरिटा
करेन सिन्टा याङ कुरासा
तेर्सिम्पन दलम रहसिया
कान टर्जरस सेइरिङ जलन वक्तु
याङ कुटाहु सिन्टाकु हान्यालः उन्तुकमु
सम्पै वक्तुकु दि दुनियाँ
कान टर्जरस सेइरिङ जलन वक्तु
याङ कुटाहु सिन्टाकु हान्यालः उन्तुकमु
सम्पै वक्तुकु दि दुनियाँ
कान टर्जरस सेइरिङ जलन वक्तु
याङ कुटाहु सिन्टाकु हान्यालः उन्तुकमु
सम्पै वक्तुकु दि दुनियाँ
सम्पै वक्तुकु दि दुनियाँ, ओ-हो
सम्पै वक्तुकु दि दुनियाँ
हु-उउ
हु-हु-हु-हु-हु
हु-उउ
हु-उउ",36,777,romanized,devanagari,1,139
A-879382e028,melina rai aashish thapa|mero raja,"Melina Rai, Aashish Thapa",Mero Raja,291.0,1,lrclib_get,https://lrclib.net/api/get/35306166,nepali,Mero Raja,"Melina Rai, Aashish Thapa","महिले मनमा सजाछु मेरी सानीलाई, मेरो मन चोरी सुटुक्कै भागी जानेलाई
महिले मनमा सजाछु मेरी सानीलाई, मेरो मन चोरी सुटुक्कै कै भागी जानेलाई
मेरो मन चोरी सुटुक्कै भागी जानेलाई
मेरो राजालाई सजाछु मनको माझमा, तिम्रो दिल चोर्न सुटुक्कै आए आज म
मेरो राजालाई सजाउछु मनको माझमा, तिम्रो दिल चोर्न सुटुक्कै आए आज म
तिम्रो दिल चोर्न सुटुक्कै आए आज म
तिमीले मन चोरेर भागिछौ, मेरै दिलमा बास गर्न लागिछौ
हो, तिमले मन चोरेर भागिछौ, मेरै दिलमा बास गर्न लागिछौ
कति भयो मायाजाल थालेको मन्तरैमा भरौली टालेको
मन्तरैमा भरौली टालेको
तर सारै मन पराउँछु तिम्रै बानीलाई
तर सारै मन पराउँछु तिम्रै बानीलाई
महिले मनमा सजाछु मेरी सानी लाई, मेरो मन चोरी सुटुक्कै कै भागी जानेलाई
नजिक हुँदा बढ्छ नि धड्कन, तिम्रै हो नि यो तन मन
हो, नजिक हुँदा बढ्छ नि धड्कन, तिम्रै हो नि यो तन मन
तिम्रै दिलको कुनामा बसिछु, ख्याल ठट्टामै मायामा फसिछु
ख्याल ठट्टामै मायामा फसिछु
मलाई सजाउने कहिले हो पञ्चे बाजामा
मलाई सजाउने कहिले हो पञ्चे बाजामा
मेरो राजालाई सजाउँछु मनको माझमा
तिम्रो दिल चोर्न सुटुक्कै आए आज म
पूर्णिमको चम्किलो जुन तिमी, हरेक पलको सर्गम र धुन तिमी
हो, पूर्णिमको चम्किलो जुन तिमी, हरेक पलको सर्गम र धुन तिमी
ठान्नेले त जे सुकै ठान्दछ, यो धड्कनले तिमीलाई नै चाहान्छ
यो धड्कनले तिमीलाई नै चाहान्छ
मैले कहाँ भुल्न सकुला मेरी रानीलाई
मैले कहाँ भुल्न सकुला मेरी रानीलाई
मैले मनमा साजाछु मेरी सानीलाई
मेरो मन चोरी सुटुक्कै भागी जानेलाई
मैले फेर्नि सास नै तिमी हौ, मेरो मनको आस नै तिमी हौ
हो, मैले फेर्नी सास नै तिमी हौ, मेरो मनको आस नै तिमी हौ
हाम्रो जोडी पिपल र बर होस्, एकान्तमा सुन्दर घर होस्
एकान्तमा सुन्दर घर होस्
हाम्रो भेट हुन्थ्यो दिनदिनै झम्के साँझमा
हाम्रो भेट हुन्थ्यो दिनदिनै झम्के साँझमा
मेरो राजालाई सजाउँछु मनको माझमा
मेरो राजालाई सजाउँछु मनको माझमा
मैले मनमा सजाछु मेरी सानिलाई
मेरो राजालाई सजाउँछु मनको माझमा
मैले मनमा सजाछु मेरी सानिलाई",40,1715,devanagari,devanagari,0,308
A-f9da7a3241,melina rai|timle bato fereu are,Melina Rai,Timle Bato Fereu Are,295.0,1,lrclib_search,https://lrclib.net/api/get/38859216,nepali,Timle Bato Fereu Are,Melina Rai,"तिम्ले बाटो फेऱ्यौ अरे, अर्कैलाई हेऱ्यौ अरे
तिम्ले बाटो फेऱ्यौ अरे, अर्कैलाई हेऱ्यौ अरे
यो हल्ला छ, तिमीले...
यो हल्ला छ, तिमीले मेरो विश्वास सेऱ्यौ अरे
तिम्ले बाटो फेऱ्यौ अरे, अर्कैलाई हेऱ्यौ अरे
केही पलको बिछोडलाई सहन सकेनौ
केही पलको बिछोडलाई सहन सकेनौ
मेरो माया सम्झेर रहन सकेनौ
समयको खेल हारी भएथेँ म त दूर
आखिर चल्न थाल्यो त्यहाँ तिम्रै आफ्नै सुर
तिम्ले माया माऱ्यौ अरे, मेरो चाहा साऱ्यौ अरे
यो हल्ला छ, तिमीले...
यो हल्ला छ, तिमीले अर्कैलाई रोज्यौ अरे
तिम्ले बाटो फेऱ्यौ अरे, अर्कैलाई हेऱ्यौ अरे
के सँगै नहुनु मेरो गल्ती भयो?
के सँगै नहुनु मेरो गल्ती भयो?
के एकपलको मात्र हाम्रो प्रीति थियो?
तिम्ले गर्दा मेरो जीवन घर न घाटको भयो
तिम्लाई खुशी मिल्दा मेरो दिलमा पहिरो गयो
तिम्ले नाता तोड्यौ अरे, मेरो तस्बिर फाल्यौ अरे
यो हल्ला छ, तिमीले...
यो हल्ला छ, तिमीले मेरो विश्वास सेऱ्यौ अरे
तिम्ले बाटो फेऱ्यौ अरे, अर्कैलाई हेऱ्यौ अरे
यो हल्ला छ, तिमीले...
यो हल्ला छ, तिमीले मेरो विश्वास सेऱ्यौ अरे
तिम्ले बाटो फेऱ्यौ अरे, अर्कैलाई हेऱ्यौ अरे
मनोरञ्जन नेपाल, ooh",27,961,mixed,mixed,0,170
A-c37847465a,melina rai|timle bato fereu are 3,Melina Rai,Timle Bato Fereu Are 3,270.0,1,lrclib_get,https://lrclib.net/api/get/36420177,nepali,Timle Bato Fereu Are 3,Melina Rai,"पाइला सँगै चल्दै थियो, खै कहाँ ढिला भो
बाटो पनि एउटै थियो, खै कसरी अलमल भो
पाइला सँगै चल्दै थियो, खै कहाँ ढिला भो
बाटो पनि एउटै थियो, खै कसरी अलमल भो
मुटु दुखाई कहाँ गयौ? माया लत्त्याई टाढा भयौ
तिम्ले बाटो फेऱ्यौ अरे
कैयौँ पटक त्यहीँ हिँडेँ, तिमीलाई देखिन
भुल्ने कोशिश धेरै गरेँ, मनमुटुले मानेन
हो, कैयौँ पटक त्यहीँ हिँडेँ, तिमीलाई देखिन
भुल्ने कोशिश धेरै गरेँ, मनमुटुले मानेन
थाहै नपाई तिम्रो बाटो बद्लिएछ आज
विश्वास थियो, माया मेरो भत्किएछ आज
पाइला सँगै चल्दै थियो, खै कहाँ ढिला भो
बाटो पनि एउटै थियो, खै कसरी अलमल भो
मुटु दुखाई कहाँ गयौ? माया लत्त्याई टाढा भयौ",15,563,devanagari,devanagari,0,105
A-e14657dcf0,nabin k bhattarai|aai aai ya,Nabin K Bhattarai,Aai Aai Ya,152.0,1,lrclib_get,https://lrclib.net/api/get/10066395,nepali,Aai Aai Ya,Nabin K Bhattarai,"आइ-आइ-आइया, आइ-आइ-आइया-इ-या-ए-या-ए-या
आइ-आइ-आइया, आइ-आइ-आइया-इ-या-ए-या-ए-या
आइ-आइ-आइया, आइ-आइ-आइया-इ-या-ए-या-ए-या
आइ-आइ-आइया, आइ-आइ-आइया-इ-या-ए-या-ए-या
मन लाग्यो मलाई तारा छुनलाई
इन्द्रेणी बनी धर्ती चुम्नलाई
प्रिय, बुझिदेऊ आँखाको इशारा
प्रिय, चाहन्छु तिम्रो सहारा
आइ-आइ-आइया, आइ-आइ-आइया-इ-या-ए-या-ए-या
आइ-आइ-आइया, आइ-आइ-आइया-इ-या-ए-या-ए-या
खुशी, उमङ्ग, नौलो तरङ्ग
फैलिरहेछ हर अङ्ग-अङ्ग
प्रिय, मुहारको घुम्टो उठाऊ
प्रिय, मायाको दियो जलाऊ
आइ-आइ-आइया, आइ-आइ-आइया-इ-या-ए-या-ए-या
आइ-आइ-आइया, आइ-आइ-आइया-इ-या-ए-या-ए-या
मन लाग्यो मलाई तारा छुनलाई
इन्द्रेणी बनी धर्ती चुम्नलाई
प्रिय",19,574,devanagari,devanagari,0,139
A-3470378713,nabin k bhattarai|bajauda bajaudai,Nabin K Bhattarai,Bajauda Bajaudai,216.0,1,lrclib_get,https://lrclib.net/api/get/13975693,nepali,Bajauda Bajaudai,Nabin K Bhattarai,"बजाउँदा बजाउँदै जीवन बित्यो
बजाउँदा बजाउँदै जीवन बित्यो
गाउँदागाउँदै जीवन बित्यो
गाउँदागाउँदै जीवन बित्यो
अब म गाउँदिन प्रीतका गीतहरू
अब बजाउँदिन मायाका धुनहरू
मेरा गला थाकिसके
मेरा हातहरू काँपिसके
फुलाउँदा फुलाउँदै ओइली झर्यो
फुलाउँदा फुलाउँदै ओइली झर्यो
नियाल्दा नियाल्दै ओझेलमै पर्यो
नियाल्दा नियाल्दै ओझेलमै पर्यो
अब फुलाउँदिन आशाका फूलहरू
अब डुलाउँदिन प्यासी नजरहरू
मेरा बहारहरू मरिसके
मेरा प्यासहरू बगिसके
बजाउँदा बजाउँदै जीवन बित्यो
बजाउँदा बजाउँदै जीवन बित्यो
गाउँदागाउँदै जीवन बित्यो
गाउँदागाउँदै जीवन बित्यो
अब म गाउँदिन प्रीतका गीतहरू
अब बजाउँदिन मायाका धुनहरू
मेरा गला थाकिसके
मेरा हातहरू काँपिसके",24,609,devanagari,devanagari,0,88
A-5e16a95d25,nabin k bhattarai|bajaunda bajaunda,Nabin K Bhattarai,Bajaunda Bajaunda,221.0,1,lrclib_get,https://lrclib.net/api/get/10066410,nepali,Bajaunda Bajaunda,Nabin K Bhattarai,"बजाउँदा बजाउँदै जीवन बित्यो
बजाउँदा बजाउँदै जीवन बित्यो
गाउँदागाउँदै जीवन बित्यो
गाउँदागाउँदै जीवन बित्यो
अब म गाउँदिन प्रीतका गीतहरू
अब बजाउँदिन मायाका धुनहरू
मेरा गला थाकिसके
मेरा हातहरू काँपिसके
फुलाउँदा फुलाउँदै ओइली झर्यो
फुलाउँदा फुलाउँदै ओइली झर्यो
नियाल्दा नियाल्दै ओझेलमै पर्यो
नियाल्दा नियाल्दै ओझेलमै पर्यो
अब फुलाउँदिन आशाका फूलहरू
अब डुलाउँदिन प्यासी नजरहरू
मेरा बहारहरू मरिसके
मेरा प्यासहरू बगिसके
बजाउँदा बजाउँदै जीवन बित्यो
बजाउँदा बजाउँदै जीवन बित्यो
गाउँदागाउँदै जीवन बित्यो
गाउँदागाउँदै जीवन बित्यो
अब म गाउँदिन प्रीतका गीतहरू
अब बजाउँदिन मायाका धुनहरू
मेरा गला थाकिसके
मेरा हातहरू काँपिसके",24,609,devanagari,devanagari,0,88
A-da1ba0bebc,nabin k bhattarai|bhetna man lagyo,Nabin K Bhattarai,Bhetna Man Lagyo,155.0,1,lrclib_get,https://lrclib.net/api/get/30182332,nepali,Bhetna Man Lagyo,Nabin K Bhattarai,"भेट्न मन लाग्यो तिमीलाई
छुन मन लाग्यो तिमीलाई
कुन शब्दले बोलाऊँ म?
बहाना के बनाऊँ म?
तिमीलाई हेर्न म फूल बनी
ऋतु अगावै फर्किन्छ रे
तिमीलाई हेर्न म जून बनी
तिथि अगावै झुल्किन्छ रे
कुन शब्दले बोलाऊँ म?
बहाना के बनाऊँ म?
भेट्न मन लाग्यो तिमीलाई
छुन मन लाग्यो तिमीलाई
कल्पनामा हराउँछु म
तिम्लाई सम्झी टोलाउँछु म
भेट्न मन लाग्यो तिमीलाई
छुन मन लाग्यो तिमीलाई
कुन शब्दले बोलाऊँ म?
बहाना के बनाऊँ म?",18,392,devanagari,devanagari,0,73
A-010d90e933,nabin k bhattarai|bhijeko najarle,Nabin K Bhattarai,Bhijeko Najarle,343.0,1,lrclib_get,https://lrclib.net/api/get/16754179,nepali,Bhijeko Najarle,Nabin K Bhattarai,"भिजेको नजरले हारिसक्यो जुध्नलाई
आँसुका धारा सुकिसके तिम्रा निम्ति बग्नलाई
पाइलाहरू थाके अब हिँड्नलाई तिम्रो दाँजोमा
धेरै माथि पुगिसकेछौ छाडेर मलाई यादको बिछ्यौनामा
भिजेको नजरले हारिसक्यो जुध्नलाई
मेरा ती आँखाले चिनिसके तिम्रा ती विषालु नजरहरू
लक्ष्य अब फेरिँदैन तिम्रा ती एकै मुस्काइमा
पाइलाहरू थाके अब हिँड्नलाई तिम्रो दाँजोमा
धेरै माथि पुगिसकेछौ छाडेर मलाई यादको बिछ्यौनामा
भिजेको नजरले हारिसक्यो जुध्नलाई
मेरा ती आँखाले चिनिसके तिम्रा ती विषालु नजरहरू
लक्ष्य अब फेरिँदैन तिम्रा ती एकै मुस्काइमा
पाइलाहरू थाके अब हिँड्नलाई तिम्रो दाँजोमा
धेरै माथि पुगिसकेछौ छाडेर मलाई यादको बिछ्यौनामा
भिजेको नजरले हारिसक्यो जुध्नलाई
आँसुका धारा सुकिसके तिम्रा निम्ति बग्नलाई
पाइलाहरू थाके अब हिँड्नलाई तिम्रो दाँजोमा
धेरै माथि पुगिसकेछौ छाडेर मलाई यादको बिछ्यौनामा",18,751,devanagari,devanagari,0,110
A-a7bb5c3c3e,nabin k bhattarai|bhujeko najar,Nabin K Bhattarai,Bhujeko Najar,341.0,1,lrclib_get,https://lrclib.net/api/get/10066419,nepali,Bhujeko Najar,Nabin K Bhattarai,"भिजेको नजरले हारिसक्यो जुध्नलाई
आँसुका धारा सुकिसके तिम्रा निम्ति बग्नलाई
पाइलाहरू थाके अब हिँड्नलाई तिम्रो दाँजोमा
धेरै माथि पुगिसकेछौ छाडेर मलाई यादको बिछ्यौनामा
भिजेको नजरले हारिसक्यो जुध्नलाई
मेरा ती आँखाले चिनिसके तिम्रा ती विषालु नजरहरू
लक्ष्य अब फेरिँदैन तिम्रा ती एकै मुस्काइमा
पाइलाहरू थाके अब हिँड्नलाई तिम्रो दाँजोमा
धेरै माथि पुगिसकेछौ छाडेर मलाई यादको बिछ्यौनामा
भिजेको नजरले हारिसक्यो जुध्नलाई
मेरा ती आँखाले चिनिसके तिम्रा ती विषालु नजरहरू
लक्ष्य अब फेरिँदैन तिम्रा ती एकै मुस्काइमा
पाइलाहरू थाके अब हिँड्नलाई तिम्रो दाँजोमा
धेरै माथि पुगिसकेछौ छाडेर मलाई यादको बिछ्यौनामा
भिजेको नजरले हारिसक्यो जुध्नलाई
आँसुका धारा सुकिसके तिम्रा निम्ति बग्नलाई
पाइलाहरू थाके अब हिँड्नलाई तिम्रो दाँजोमा
धेरै माथि पुगिसकेछौ छाडेर मलाई यादको बिछ्यौनामा",18,751,devanagari,devanagari,0,110
A-d88b0a27ea,nabin k bhattarai|biteka ti pal haru,Nabin K Bhattarai,Biteka Ti Pal Haru,238.0,1,lrclib_get,https://lrclib.net/api/get/30182708,nepali,Biteka Ti Pal Haru,Nabin K Bhattarai,"बितेका ती पलहरू सम्झी बस्दा मलाई याद आउँछ झलझली
बिर्सन म सक्दिन, भुल्न पनि जान्दिन तिम्रा ती यादलाई
बितेका ती पलहरू सम्झी बस्दा मलाई याद आउँछ झलझली
बिर्सन म सक्दिन, भुल्न पनि जान्दिन तिम्रा ती यादलाई
लामो यो दिन, चिसो बतास, सम्झी बस्छु ती काटेका रात
तिम्लाई सम्झी ती सुनेका गीत अझै गुञ्जिन्छन् ती आवाजका साथ
बितेका ती पलहरू सम्झी बस्दा मलाई याद आउँछ झलझली
बिर्सन म सक्दिन, भुल्न पनि जान्दिन तिम्रा ती यादलाई
के तिमी पनि सम्झिन्छौ, म जस्तै कल्पिन्छौ एकान्तमा घरीघरी?
लामो छ यो जीवन, हुन्छ-हुँदैन भन, पर्खनेछु तिमीलाई
के तिमी पनि सम्झिन्छौ, म जस्तै कल्पिन्छौ एकान्तमा घरीघरी?
लामो छ यो जीवन, हुन्छ-हुँदैन भन, पर्खनेछु तिमीलाई
लामो यो दिन, चिसो बतास, सम्झी बस्छु ती काटेका रात
तिम्लाई सम्झी ती सुनेका गीत अझै गुञ्जिन्छन् ती आवाजका साथ
बितेका ती पलहरू सम्झी बस्दा मलाई याद आउँछ झलझली
बिर्सन म सक्दिन, भुल्न पनि जान्दिन तिम्रा ती यादलाई",16,831,devanagari,devanagari,0,148
A-b09876f401,nabin k bhattarai|darr na mannu,Nabin K Bhattarai,Darr Na Mannu,213.0,1,lrclib_get,https://lrclib.net/api/get/36876408,nepali,Darr Na Mannu,Nabin K Bhattarai,"डर नमान्नू, एउटा सानो आँधी चलेको न हो
एउटा सानो आँधी चलेको न हो
पीर नमान्नू, एउटा सानो मुटु जलेको न हो
एउटा सानो मुटु जलेको न हो
शिखरमा टेकेपछि फेदीमा झर्नैपर्छ
शिखरमा टेकेपछि फेदीमा झर्नैपर्छ
समयको खेल यस्तै, सम्झौता गर्नैपर्छ
डर नमान्नू, एउटा सानो आँधी चलेको न हो
एउटा सानो आँधी चलेको न हो
मिर्मिरे घामको झुल्को साँझमा डुब्नैपर्छ
मिर्मिरे घामको झुल्को साँझमा डुब्नैपर्छ
उज्यालो दिन दियो आफै सल्किनुपर्छ
डर नमान्नू, एउटा सानो आँधी चलेको न हो
एउटा सानो आँधी चलेको न हो
पीर नमान्नू, एउटा सानो मुटु जलेको न हो
एउटा सानो मुटु जलेको न हो",16,533,devanagari,devanagari,0,98
A-ea64bd4105,nabin k bhattarai|dobato,Nabin K. Bhattarai,Dobato,243.0,1,lrclib_get,https://lrclib.net/api/get/13923963,nepali,Dobato,Nabin K. Bhattarai,"तिमीलाई म दोबाटोमा अब चाहिँ कुर्नेछैन
छातीभरि चोट बोकी अब चाहिँ डुल्नेछैन
तिमीलाई म दोबाटोमा अब चाहिँ कुर्नेछैन
हृदयमा राखी तिमीलाई जिन्दगी नै सुम्पिदिएँ
दुई-चार कदम साथ हिँडी तिमीले हात छोडिदियौ
आँखाभरि भ्रम बोकी अब चाहिँ हिँड्नेछैन
तिमीलाई म हृदयमा अब चाहिँ राख्नेछैन
तिमीलाई म दोबाटोमा अब चाहिँ कुर्नेछैन
एक्लै बस्दा तिम्रो सम्झनाले आँखा मेरो रसाइदिन्छ
अतीतका यादले पछ्याइदिँदा एक्लो मन तड्पिदिन्छ
निष्ठुरीको वाचा सम्झी अब चाहिँ सोच्नेछैन
तिमीलाई म जीवनसाथी अब चाहिँ भन्नेछैन
तिमीलाई म दोबाटोमा अब चाहिँ कुर्नेछैन
छातीभरि चोट बोकी अब चाहिँ डुल्नेछैन
तिमीलाई म दोबाटोमा अब चाहिँ कुर्नेछैन
अब चाहिँ कुर्नेछैन
अब चाहिँ कुर्नेछैन",17,628,devanagari,devanagari,0,99
A-e173d35eaa,nabin k bhattarai|jeevanma khusi,Nabin K Bhattarai,Jeevanma Khusi,141.0,1,lrclib_get,https://lrclib.net/api/get/28647372,nepali,Jeevanma Khusi,Nabin K Bhattarai,"जीवनमा खुशी मात्र कहाँ भेटिन्छ, दुःखी हुन्न म त
आँसुले मनको प्यास कहाँ मेटिन्छ, अब रुन्न म त
पीडालाई स्विकारी म हाँसिदिन्छु
दुःखलाई समेटी म बाँचिदिन्छु
जीवनमा खुशी मात्र कहाँ भेटिन्छ, दुःखी हुन्न म त
जुनी यो घरीघरी कहाँ पाइन्छ, जल्दिन म त
मृत्युलाई बाटो छेकी कहाँ छेकिन्छ, चिन्ता लिन्न म त
अतीतको तीतोमीठो बिर्सिदिन्छु
समयचक्रसँगै हिँडिदिन्छु
जीवनमा खुशी मात्र कहाँ भेटिन्छ, दुःखी हुन्न म त
पीडालाई स्विकारी म हाँसिदिन्छु
दुःखलाई समेटी म बाँचिदिन्छु, whoa",12,455,mixed,mixed,0,75
A-325cdea66a,nabin k bhattarai|jindagi bageko khola,Nabin K Bhattarai,Jindagi Bageko Khola,164.0,1,lrclib_search,https://lrclib.net/api/get/10066412,nepali,Jindagi Bageko Khola,Nabin K Bhattarai,"जिन्दगी बगेको खोला हो जसको अन्त्य थाहा हुन्न
प्रेम जीवनको गहिराइ हो जसलाई नाप्न सकिन्न
प्रेममा कसैको जिन्दगी फूलसरि फुल्दछ
कसैको पतझडमा पातसरि झर्दछ
जिन्दगी बगेको खोला हो जसको अन्त्य थाहा हुन्न
जिन्दगी शीतको थोपा हो जसको महत्त्व हुँदैन
प्रेम जीवनको यात्रा हो जसको अन्त्य निश्चित हुन्न
प्रेममा कसैको जिन्दगी फूलसरि फुल्दछ
कसैको पतझडमा पातसरि झर्दछ
जिन्दगी बगेको खोला हो जसको अन्त्य थाहा हुन्न
प्रेममा कसैको जिन्दगी फूलसरि फुल्दछ
कसैको पतझडमा पातसरि झर्दछ
जिन्दगी बगेको खोला हो जसको अन्त्य थाहा हुन्न",13,498,devanagari,devanagari,0,81
A-50cf4932fb,nabin k bhattarai|khushiyali ajhaie,Nabin K. Bhattarai,Khushiyali Ajhaie,319.0,1,lrclib_get,https://lrclib.net/api/get/38653673,nepali,Khushiyali Ajhaie,Nabin K. Bhattarai,"खुशीयाली अझै आफैलाई कति बाडिरहु म
दुखेसोका पल अझै आफैलाई कति साचिरहु म
जिन्दगीभर साथ दिने एउटा साथी खोजेको छु
झुठो होइन तिम्रो कसम तिमिलाई नै रोजेको छु
खुशीयाली अझै आफैलाई कति बाडिरहु म
साचिराखी अझै आफैलाई कति हासिरहु म
एक्लोपन को पीडा छातिभरी कति राखिरहु म
दु: ख सुखमा भागी बन्ने मनको ज्ञानि खोजेको छु
झुठो होइन तिम्रो कसम तिमिलाई नै रोजेको छु
खुशीयाली अझै आफैलाई कति बाडिरहु म
खोक्रीएर अझै आफैलाई कति थामिरहु म
शुन्यतानै मेरो जीवन भनी कति मनिरहु म
जिन्दगीभर माया दिने मायाको खानी खोजेको छु
झुठो होइन तिम्रो कसम तिमिलाई नै रोजेको छु
खुशीयाली अझै आफैलाई कति बाडिरहु म
दुखेसोका पल अझै आफैलाई कति साचिरहु म
जिन्दगीभर साथ दिने एउटा साथी खोजेको छु
झुठो होइन तिम्रो कसम तिमिलाई नै रोजेको छु
खुशीयाली अझै आफैलाई कति बाडिरहु म
खुशीयाली अझै आफैलाई कति बाडिरहु म
बाडिरहु म
बाडिरहु म
बाडिरहु म
बाडिरहु म",24,793,devanagari,devanagari,0,146
A-50238fbe99,nabin k bhattarai|rakhi deu hai,Nabin K Bhattarai,Rakhi Deu Hai,260.0,1,lrclib_get,https://lrclib.net/api/get/33549275,nepali,Rakhi Deu Hai,Nabin K Bhattarai,"राखिदेऊ है साँचेर मनमा तिमी यति
चोखै छ है, प्रिय, मेरो यो मायाप्रीति
राखिदेऊ है साँचेर मनमा तिमी यति
चोखै छ है, प्रिय, मेरो यो मायाप्रीति
कसरी देखाऊँ म? कसरी बताऊँ म?
कसरी बुझाऊँ म? कसरी सम्झाऊँ म?
राखिदेऊ है साँचेर मनमा तिमी यति
चोखै छ है, प्रिय, मेरो यो मायाप्रीति
हेरी आँखामा मेरो जानिलेऊ न, बिन्ती!
चोखै छ है, प्रिय, मेरो यो मायाप्रीति
हेरी आँखामा मेरो जानिलेऊ न, बिन्ती!
चोखै छ है, प्रिय, मेरो यो मायाप्रीति
प्रभातसँग लालीझैँ, नदीसँग किनारझैँ
मुटुसँग धड्कनझैँ, फूलसँग सुवासझैँ
आई जीवनमा सदा साथ देऊ न, बिन्ती!
चोखै छ है, प्रिय, मेरो यो मायाप्रीति",16,551,devanagari,devanagari,0,99
A-996ac89b2d,nabin k bhattarai|sanjha dhaldaichha,Nabin K Bhattarai,Sanjha Dhaldaichha,219.0,1,lrclib_get,https://lrclib.net/api/get/13923985,nepali,Sanjha Dhaldaichha,Nabin K Bhattarai,"साँझ ढल्दै छ, मात चढ्दै छ
साँझ ढल्दै छ, मात चढ्दै छ
याद काँडा बनी बिझिरहेछ
तिम्रो याद काँडा बनी बिझिरहेछ
पलपल अनि झन् बढ्दै छ किन जलन?
पलपल अनि झन् बढ्दै छ किन जलन?
जहाँ हेरे नि देख्छु तिम्रै तरङ्ग
प्यास बढ्दै छ, यो मन गल्दै छ
प्यास बढ्दै छ, यो मन गल्दै छ
याद डोरी बनी अल्झिरहेछ
तिम्रो याद डोरी बनी अल्झिरहेछ
रित्याई प्याला भएन केही असर
रित्याई प्याला भएन केही असर
हरक्षण तिमीलाई खोजिरहन्छ यी नजर
रात पर्दै छ, मात चढ्दै छ
रात पर्दै छ, मात चढ्दै छ
याद आँसु बनी बगिरहेछ
तिम्रो याद आँसु बनी बगिरहेछ
साँझ ढल्दै छ, मात चढ्दै छ
साँझ ढल्दै छ, मात चढ्दै छ
याद काँडा बनी बिझिरहेछ
तिम्रो याद काँडा बनी बिझिरहेछ",22,600,devanagari,devanagari,0,121
A-b97df04491,narayan gopal meera rana|aankhaima kasaiko,"Narayan Gopal, Meera Rana",Aankhaima Kasaiko,350.0,1,lrclib_get,https://lrclib.net/api/get/14843017,nepali,Aankhaima Kasaiko,"Narayan Gopal, Meera Rana","आँखैमा कसैको तस्बिर बसेछ
आँखैमा कसैको तस्बिर बसेछ
तस्बिर बनेको छ मायाको नमेटिने रङ्गले
यो मन कसैको रूपमा फसेछ
यो मन कसैको रूपमा फसेछ
सपनीमा जस्तै अनायासै नजानिँदो ढङ्गले
आँखैमा कसैको तस्बिर बसेछ
के भन्छ मुटुको ढुकढुकीले
के भन्छ मुटुको ढुकढुकीले
सायद तिम्रै नाम लिदैछ
सायद तिम्रै नाम लिदैछ
चोखो मायाको बन्धनलाई
चोखो मायाको बन्धनलाई
दिगो राख्ने बिश्वास लिदैछ
दिगो राख्ने बिश्वास लिदैछ
आँखैमा कसैको तस्बिर बसेछ
मिलिजुली, हे-हे, झिलिमिली
मिलिजुली, हे-हे, झिलिमिली
जिबनको बत्ती बालुकी
जिबनको बत्ती बालुकी
विश्वभरिको ईश्वर आगाडी
विश्वभरिको ईश्वर आगाडी
सिउँदोमा सिन्दुर हालुकी
सिउँदोमा सिन्दुर हालुकी
आँखैमा कसैको तस्बिर बसेछ
आँखैमा कसैको तस्बिर बसेछ
तस्बिर बनेको छ मायाको नमेटिने रङ्गले
यो मन कसैको रूपमा फसेछ
यो मन कसैको रूपमा फसेछ
सपनीमा जस्तै अनायासै नजानिँदो ढङ्गले
आँखैमा कसैको तस्बिर बसेछ
आँखैमा कसैको तस्बिर बसेछ",32,813,devanagari,devanagari,0,130
A-5ec5db3251,narayan gopal mira rana|aankhaima kasaiko,"Narayan Gopal, Mira Rana",Aankhaima Kasaiko,346.0,1,lrclib_search,https://lrclib.net/api/get/14843017,nepali,Aankhaima Kasaiko,"Narayan Gopal, Mira Rana","आँखैमा कसैको तस्बिर बसेछ
आँखैमा कसैको तस्बिर बसेछ
तस्बिर बनेको छ मायाको नमेटिने रङ्गले
यो मन कसैको रूपमा फसेछ
यो मन कसैको रूपमा फसेछ
सपनीमा जस्तै अनायासै नजानिँदो ढङ्गले
आँखैमा कसैको तस्बिर बसेछ
के भन्छ मुटुको ढुकढुकीले
के भन्छ मुटुको ढुकढुकीले
सायद तिम्रै नाम लिदैछ
सायद तिम्रै नाम लिदैछ
चोखो मायाको बन्धनलाई
चोखो मायाको बन्धनलाई
दिगो राख्ने बिश्वास लिदैछ
दिगो राख्ने बिश्वास लिदैछ
आँखैमा कसैको तस्बिर बसेछ
मिलिजुली, हे-हे, झिलिमिली
मिलिजुली, हे-हे, झिलिमिली
जिबनको बत्ती बालुकी
जिबनको बत्ती बालुकी
विश्वभरिको ईश्वर आगाडी
विश्वभरिको ईश्वर आगाडी
सिउँदोमा सिन्दुर हालुकी
सिउँदोमा सिन्दुर हालुकी
आँखैमा कसैको तस्बिर बसेछ
आँखैमा कसैको तस्बिर बसेछ
तस्बिर बनेको छ मायाको नमेटिने रङ्गले
यो मन कसैको रूपमा फसेछ
यो मन कसैको रूपमा फसेछ
सपनीमा जस्तै अनायासै नजानिँदो ढङ्गले
आँखैमा कसैको तस्बिर बसेछ
आँखैमा कसैको तस्बिर बसेछ",32,813,devanagari,devanagari,0,130
A-e34710ecf0,narayan gopal|janmera kokhama,Narayan Gopal,Janmera Kokhama,323.0,1,lrclib_search,https://lrclib.net/api/get/24407136,nepali,Janmera Kokhama,Narayan Gopal,"जन्मेर कोखमा कसैको, हुर्कन्छ काखमा कसैको
भाग्यको लेखा कस्तो? भावीले के लेखिदियो?
जन्मेर कोखमा कसैको, हुर्कन्छ काखमा कसैको
भाग्यको लेखा कस्तो? भावीले के लेखिदियो?
जन्मेर कोखमा कसैको...
कसले छोडेको, कसको नासो हो? जिन्दगीको अनौठो नाता
को हो आफ्नो? को हो बिरानो? के होला यो रगतको नाता?
के होला यो रगतको नाता?
जन्मेर कोखमा कसैको, हुर्कन्छ काखमा कसैको
भाग्यको लेखा कस्तो? भावीले के लेखिदियो?
जन्मेर कोखमा कसैको...
खोजी हिँड्दछ आमाको न्यानो काख, मायालु छहारी कसैको
भाग्य सबैलाई कहाँ पुग्छ र संसारमा विधिले लेखेको?
संसारमा विधिले लेखेको
जन्मेर कोखमा कसैको, हुर्कन्छ काखमा कसैको
भाग्यको लेखा कस्तो? भावीले के लेखिदियो?
जन्मेर कोखमा कसैको...
कस्तो पीर यो समयले दिएको? भुलाइदेला समयले एक दिन
भुलेको सपना झस्काउला कुनै दिन, भरिएला त्यो घाउ एक दिन
भरिएला त्यो घाउ एक दिन
जन्मेर कोखमा कसैको, हुर्कन्छ काखमा कसैको
भाग्यको लेखा कस्तो? भावीले के लेखिदियो?
जन्मेर कोखमा कसैको...",23,860,devanagari,devanagari,0,139
A-ffcdb31c28,narayan gopal|kulchera gayau sara,Narayan Gopal,Kulchera Gayau Sara,275.0,1,lrclib_get,https://lrclib.net/api/get/33062897,nepali,Kulchera Gayau Sara,Narayan Gopal,"कुलचेर गयौ, सारा विश्वासहरू
टुक्रेर छरिए, मेरा भावनाहरू
खोसेर म सँग, धेरै धेरै खुसी
हाँस सधैँ, मेरी प्रियसी
हाँस सधैँ, मेरी प्रियसी
कुलचेर गयौ, सारा विश्वासहरू
टुक्रेर छरिए, मेरा भावनाहरू
खोसेर म सँग, धेरै धेरै खुसी
हाँस सधैँ, मेरी प्रियसी
हाँस सधैँ, मेरी प्रियसी
कुलचेर गयौ
जोडि न सक्छौ तिमी, अरूलाई फुटाएर
जोडि न सक्छौ तिमी, अरूलाई फुटाएर
तिमी त जादुको, खेलौना हौ
हाँस्न सक्छौ तिमी, अरूलाई रुवाएर
तिमी त जादुको, खेलौना हौ
तिमी त, जादुको, खेलौना हौ
कुलचेर गयौ
मोडि न, सक्छौ तिमी, अरूको बाटो भुलाएर
मोडि न, सक्छौ तिमी, अरूको बाटो भुलाएर
तिमी त निस्टुरी, पाइला हौ
बाँड्न सक्छौ तिमी, दोखहरूले लुकाएर
तिमी त निस्टुरी, पाइला हौ
तिमी त, निस्टुरी, पाइला हौ
कुलचेर गयौ, सारा विश्वासहरू
टुक्रेर छरिए, मेरा भावनाहरू
खोसेर म सँग, धेरै धेरै खुसी
हाँस सधैँ, मेरी प्रियसी
हाँस सधैँ, मेरी प्रियसी
कुलचेर गयौ",30,793,devanagari,devanagari,0,138
A-b3f30294ab,narayan gopal|mero yo geetma,Narayan Gopal,Mero Yo Geetma,174.0,1,lrclib_search,https://lrclib.net/api/get/33032421,nepali,Mero Yo Geetma,Narayan Gopal,"मेरो यो गीतमा जुन मुर्छना छ
त्यो तिमी होइनौ को भन्न सक्छ को भन्न सक्छ
मेरो यो गीतमा जुन मुर्छना छ
त्यो तिमी होइनौ को भन्न सक्छ को भन्न सक्छ
एउटै छ धर्ती, आकाश एउटै
एउटै छ उच्छ्वास, चाहना एउटै
एउटै छ धर्ती, आकाश एउटै
एउटै छ उच्छ्वास, चाहना एउटै
तरङ्ग धेरै विक्षिप्त मनमा
आँखाले मात्र को गन्न सक्छ को गन्न सक्छ
तिमी हात देऊ म प्रीत दिन्छु
तिमी आँट देऊ म जीत दिन्छु
तिमी हात देऊ म प्रीत दिन्छु
तिमी आँट देऊ म जीत दिन्छु
रहर कुँदेका पाइलाहरुलाई
बन्धनको सागर को खन्न सक्छ खन्न सक्छ",16,476,devanagari,devanagari,0,96
A-0b99cbae80,narayan gopal|piunda piundai,Narayan Gopal,Piunda Piundai,156.0,1,lrclib_get,https://lrclib.net/api/get/8987635,nepali,Piunda Piundai,Narayan Gopal,"पिउडा पिउदै जिन्दगी यो रित्याउन चाहन्छु मा
आज सारा ब्यथालाई सिध्याउन चाहन्छुमा
पिउडा पिउदै जिन्दगी यो रित्याउन चाहन्छु मा
आफनो भन्ने सरालाई भुल्न चाहन्छु मा
मानका सारा कुरा पोखी अझै खोल्न चाहन्छुमा
पिउडा पिउदै जिन्दगी यो रित्याउन चाहन्छु मा
आफ्न सारा इच्छालाई किच्न चाहन्छु मा
रहरा बोकी चल्ने मुटु आजा थिच्न चाहन्छुमा
पिउडा पिउदै जिन्दगी यो रित्याउन चाहन्छु मा",9,360,romanized,devanagari,1,59
A-1a14d9aa86,narayan gopal|sero ra fero,Narayan Gopal,Sero Ra Fero,173.0,1,lrclib_get,https://lrclib.net/api/get/32224369,nepali,Sero Ra Fero,Narayan Gopal,"सेरो र फेरो मेरो, अँध्यारो पारी गयौ
सेरो र फेरो मेरो, अँध्यारो पारी गयौ
सुकाई मूल फूल, निमोठी फ्याली गयौ
उर्लन्छ यो छाती, भित्र व्यथा असह्य भई
उर्लन्छ यो छाती, भित्र व्यथा असह्य भई
गह भरिन्छ आँशुले, रात दिन संधै
आशाको घर मेरो अँध्यारो पारी गयौ
आशाको घर मेरो अँध्यारो पारी गयौ
बिलौना यो मनको, निख्रने कहिले होला
बिलौना यो मनको, निख्रने कहिले होला
यो जुनीमा सुगन्धी हावा, बहने कहिले होला
के को बदला लिई, अँध्यारो पारी गयौ
सेरो र फेरो मेरो, अँध्यारो पारी गयौ",13,455,devanagari,devanagari,0,85
A-e79dbac24c,nepathya|aina le rupko,Nepathya,Aina Le Rupko,232.0,1,lrclib_search,https://lrclib.net/api/get/36854647,nepali,Aina Le Rupko,Nepathya,"याद तिम्रो आउँछ रिमझिम वर्षाको वेला
सम्झना झन् बल्झिदिन्छ एकअर्कामा टाढा भै दिँदा
अनुरोध मेरो ए माया नबिर्सिदेऊ भनेर
याद तिम्रो आउँछ रिमझिम वर्षाको वेला
अल्झिरह्यो दोधारैमा जीवन पहिल्याउन गाह्रो भयो
अल्झिरह्यो दोधारैमा जीवन पहिल्याउन गाह्रो भयो
निष्ठुरी नसम्झिदेऊ म विवशतामा बाँधिएको छु
म त तिम्रो ए माया प्रेमको पुजारी
म त तिम्रो ए माया प्रेमको पुजारी
हाम्रो प्रीत अमर रहला तिमी मेरो नभए पनि
हाम्रो प्रीत अमर रहला तिमी मेरो नभए पनि
मिलन नै बिछोडको प्रतीक सम्झी बाँचिरहेको छु
म त तिम्रो ए माया प्रेमको पुजारी
म त तिम्रो ए माया प्रेमको पुजारी
याद तिम्रो आउँछ रिमझिम वर्षाको वेला
सम्झना झन् बल्झिदिन्छ एकअर्कामा टाढा भै दिँदा
अनुरोध मेरो ए माया नबिर्सिदेऊ भनेर
नबिर्सिदेऊ भनेर
नबिर्सिदेऊ भनेर",19,690,devanagari,devanagari,0,117
A-8af6d8db73,nima rumba|aafnai desha pyaro,Nima Rumba,Aafnai Desha Pyaro,371.0,1,lrclib_get,https://lrclib.net/api/get/36389643,nepali,Aafnai Desha Pyaro,Nima Rumba,"देखि सके मैले सारा संसार
तरी सके सताउ सागर
घुमी सके मैले होङकोङ टोक्यो
लन्डन अनि न्यूयोर्क शहर
मलाई आफ्नै ठाउँ प्यारो
प्यारो लाग्यो मलाई
मलाई आफ्नै ठाउँ प्यारो
मलाई आफ्नै देश प्यारो
यही धरती म जन्मे
यही भूमि म हुर्के
यही माटोमा छ
अष्टित्व मेरो
गर्व लाग्छ मलाई
नेपाली भन्नु
बिर को सन्तान भनी
आफैलाई चिनाउनु
त्यसैले आफ्नै ठाउँ प्यारो
प्यारो लाग्छ मलाई
मलाई आफ्नै ठाउँ प्यारो
मलाई आफ्नै देश प्यारो
देखि सके मैले सारा संसार
तरी सके सताउ सागर
घुमी सके मैले होङकोङ टोक्यो
लन्डन अनि न्यूयोर्क शहर
मलाई आफ्नै ठाउँ प्यारो
प्यारो लाग्यो मलाई
मलाई आफ्नै ठाउँ प्यारो
मलाई आफ्नै देश प्यारो
नेपाली प्रदेशी नेपाल फर्कना
कुरेर बसेकी चिन हाम्रो नेपाल आमा
कति कमायौ भनना के पायौ
अब त फर्कना यो देश बनाउन
अब त फर्कना हाम्रो देश बनाउन)",33,715,romanized,devanagari,1,132
A-f2e45dcebc,nima rumba|happy birthday,Nima Rumba,Happy Birthday,356.0,1,lrclib_get,https://lrclib.net/api/get/16056880,nepali,Happy Birthday,Nima Rumba,"हा-हा, हा-हा, हा-हा, हा-हा-हा-हा
हा-हा, हा-हा, हा-हा, हा-हा-हा-हा
आजको दिन संसार यो रमाइलो
आजको दिन चारैतिर घमाइलो
आजको दिन हाम्रो जीवनमा वसन्तको बहार छायो, आहा
वसन्तको बहार छायो, आहा
आजको दिनमा मरुभूमिमा पानी पर्यो
हा-हा, हा-हा, हा-हा, हा-हा-हा-हा
हो, आजको दिनमा मरुभूमिमा पानी पर्यो
डाँडापाखा, आँगनीमा फूल फूल्यो
आजको दिनमा हाम्रो सानो घरमा आकाशबाट जून झर्यो, आहा
आकाशबाट जून झर्यो, आहा
हा-हा, हा-हा, हा-हा, हा-हा-हा-हा
कोमल तिम्रो ती हातले मलाई छुँदा
तोतेबोलीले जब मलाई बोलाउँदा
दुःखपीर सबै भुलिदिन्छु म, संसारकै सुखी मान्छे म, आहा
संसारकै सुखी मान्छे म, आहा
आमाबाबाको आँखाको तारा तिमी
हा-हा, हा-हा, हा-हा, हा-हा-हा-हा
हो, आमाबाबाको आँखाको तारा तिमी
हामी दुवैको एउटै जिउने आधार तिमी
बिहानीपख उदाउने घाम तिमी, उदाइरहनू जीवनभरि, आहा
उदाइरहनू जीवनभरि, आहा
हा-हा, हा-हा, हा-हा, हा-हा-हा-हा
सुखशान्ति जीवनमा तिम्रो छाइरहोस्, सफलताले हर कदम चुमोस्
उज्यालो त्यो मुहार, हाँसो ओठमा जीवनभर तिमीले पाइरहोस्
अँध्यारो यो संसारमा जूनतारा चम्केझैँ
अँध्यारो यो संसारमा जूनतारा चम्केझैँ सधैँ तिमी चम्किरहोस्, आहा
सधैँ तिमी चम्किरहोस्, आहा
आजको दिन संसार यो रमाइलो
आजको दिन चारैतिर घमाइलो
आजको दिन हाम्रो जीवनमा वसन्तको बहार छायो, आहा
वसन्तको बहार छायो, आहा",33,1142,mixed,devanagari,0,213
A-b54b0f05c9,nima rumba|sweet heart,Nima Rumba,Sweet Heart,340.0,1,lrclib_get,https://lrclib.net/api/get/16059205,nepali,Sweet Heart,Nima Rumba,"Oh my darling, sweet heart
You're my डेस्टिनी
And you're my true love
Oh, sweet heart
Oh darling, sweet heart
You're my डेस्टिनी
And you're my true love
तिमी नै मेरो माया, तिमी हौ मेरो छायाँ
तिमी नै हौ भविष्यको किरण
तिमी नै चाहाना, तिमी नै भावना
तिमी नै हौ मेरो जीवन
तिमी नै मेरो माया, तिमी हौ मेरो छाया
तिमी नै हौ भविष्यको किरण
तिमी नै चाहाना, तिमी नै भावना
तिमी नै हौ मेरो जीवन
Oh, oh, oh, sweet heart
Oh my darling, sweet heart
You're my डेस्टिनी
And you're my true love
वोह-oh-oh-oh-oh, sweet heart
हो my darling, स्वी थर्ट
You're my डेस्टिनी
And you're my true love
You're my true love
जीवनको मोडहरुमा
तिमीलाई नै कुरिबसेँ
जीवनको हरक्षणमा
तिमीलाई नै सम्झिबसेँ
तिमी नै मेरो माया, तिमी हौ मेरो छाया
तिमी नै हौ भविष्यको किरण
तिमी नै चाहाना, तिमी नै भावना
तिमी नै हौ मेरो जीवन
Oh, oh, oh, sweet heart
Oh my darling, sweet heart
You're my डेस्टिनी
And you're my true love
वोह-oh-oh-oh-oh, sweet heart
Oh my darling, sweet heart
You're my डेस्टिनी
And you're my true love
You're my true
आइदेऊ, मेरो संसार
माया नै मायाले भरिदेऊ
अन्धकार मेरो जीवनमा
आशाको दियो बालिदेऊ
तिमी नै मेरो माया, तिमी हौ मेरो छाया
तिमी नै हौ भविष्यको किरण
तिमी नै चाहना, तिमी नै भावना
तिमी नै हौ मेरो जीवन
तिमी नै मेरो माया, तिमी हौ मेरो छाया
तिमी नै हौ भविष्यको किरण
तिमी नै चाहाना, तिमी नै भावना
तिमी नै हौ मेरो जीवन
स्वीटहर्ट
Oh my darling, sweet heart
You're my डेस्टिनी
And you're my true love
वोह-oh-oh-oh, sweet heart
Oh my darling, sweet heart
You're my डेस्टिनी
And you're my true love
You're my true",62,1479,mixed,mixed,1,309
A-4a264cbd44,pahenlo batti muni|aina ra daag,Pahenlo Batti Muni,Aina Ra Daag,312.0,1,lrclib_get,https://lrclib.net/api/get/11783260,nepali,Aina Ra Daag,Pahenlo Batti Muni,"आँखा बन्द गरी बसु कि
हात बाँधि बसु
लालच बांडी रहेछौ बजारमा
म पनि त मान्छे नै हु
धनले त्रिनेत्र खुल्छ उन्को त
म केवल यहाँ पूजारी हु
तिमीले प्रसाद नचढाए
गुलियोको स्वाद नै थाहा हुन्नथियो
के गल्ती मेरो मात्र हो
नियाली हेर आँफैलाई
म त तिम्रै ऐना हु
तिमी मै दाग पो छ कि कतै
हेर न
ए कान चिरेको जोगी
आईपुगिस त यहि फेरी
केही दिन्छन भनी ढुक्न
आसु पसिना फाली
त कुकुरलाई पाली
राखेको टोक्न कि भुक्न
ढाट्न र खान मै
ब्यस्त छस बाहाना नबना
तेरो एक सुन्यले
सुन्यै भो लाखौंको सपना
बुझिनस के
के गल्ती उस्को मात्र हो
नियाली हेरौ आँफैलाई
उ भन्छ हाम्रै ऐना हो
हामी मै दाग पो छ कि कतै
हामी मै दाग पो छ कि कतै
हामी मै दाग पो छ कि कतै
हामी मै दाग पो छ कि कतै
सोचौन",32,638,devanagari,devanagari,0,139
A-93fe3c248c,pahenlo batti muni|bichitra,Pahenlo Batti Muni,Bichitra,362.0,1,lrclib_get,https://lrclib.net/api/get/11783566,nepali,Bichitra,Pahenlo Batti Muni,"जब ईश्वर र दानव एउटै हुदैनन
तब सत्य र मानव को के कल्पना गर्छौ
जब भगवानले त ... हत्या गर्छन्
तब मानिस किन पुण्यको लागि मर्छौ
धर्म धर्म भन्दै लास बिछाउछौ
हे मानिस कसरी तिमी रातमा निदाउछौ
कागजका शब्द मानेर शुद्ध हुन खोज्छौ यहा
हातमा खुकुरी बोकेर बुद्ध हुन खोज्छौ यहा
भाईलाई मारेर आमाको आसु पुछ्न खोज्छौ यहा
अमृतसरी माया मायै लुछ्न खोज्छौ
धर्म धर्म भन्दै लास बिछाउछौ
हे मानिस कसरी तिमी रातमा निदाउछौ
दुःखको सामु नि दुखिको सामु नि आखा चिम्लिन्छौ
देखिनेलाइ हेर्दैनौ अदृश्यलाइ किन हो बोलाउँछौं
एक्लो हासो पुर्याउन आसुको खोलै बगाउँछौँ
आँसुले प्यास के मेटिन्थ्यो तिम्रो रगतै पिउदछौ
भनन मानिस कसरी तिमी रातमा निदाउछौ
भनन मानिस कसरी तिमी रातमा निदाउछौ
भनन मानिस कसरी तिमी रातमा निदाउछौ
भनन मानिस कसरी तिमी रातमा निदाउछौ
भनन मानिस कसरी तिमी रातमा निदाउछौ
भनन मानिस कसरी तिमी रातमा निदाउछौ
भनन मानिस कसरी तिमी रातमा निदाउछौ
भनन मानिस कसरी तिमी रातमा निदाउछौ
जब ईश्वर र दानव एउटै हुदैनन
तब सत्य र मानव को के कल्पना गर्छौ।",26,907,devanagari,devanagari,0,162
A-477fe3e832,pahenlo batti muni|kripaya,Pahenlo Batti Muni,Kripaya,243.0,1,lrclib_get,https://lrclib.net/api/get/9741339,nepali,Kripaya,Pahenlo Batti Muni,"ठुलो सुख परेन सानै खुशी देउन
साथी मेरो बनन, हात मेरो थामन
संगै यहा हिडन फेरि यो भिडमा
हराउला कतै
हिड्न मात्र होइन हिडाउन सिकाउन
झरी बाट फुलहरु जोगाउन सिकाउन
सद्धे यो संसारमा बौलाउन सिकाउन
धेरै वाचा होइन थोरै बोली देउन
माया के हो भनन जादु तिमी गरन
खाली यो मनमा प्रश्न तिमी भरन
तिता मिठा सबै
हिड्न मात्र होइन हिडाउन सिकाउन
झरी बाट फुलहरु जोगाउन सिकाउन
सद्धे यो संसारमा बौलाउन सिकाउन",14,380,devanagari,devanagari,0,72
A-6d14c32f0f,pahenlo batti muni|lori,Pahenlo Batti Muni,Lori,415.0,1,lrclib_get,https://lrclib.net/api/get/9566052,nepali,Lori,Pahenlo Batti Muni,"झुमभुम पाकुम, घुमभुम पाकुम
झुमभुम पाकुम, घुमभुम पाकुम
झुमभुम पाकुम, घुमभुम पाकुम
झुमभुम पाकुम, घुमभुम पाकुम
लोरी को धुन धुन, हे-ए माया सुन सुन
भमरा को भुन भुन, टह टह जुन जुन
संसारै हे माया निदरीमा डुबिराछ
सपनीमा नी माया खुशी तिमिलाई कुरिराछ
घामजस्तै उज्यालो छरेर आउ है
निदरीको मैदानमा सपनी कोरेर आउ है
घामजस्तै उज्यालो छरेर आउ है
निदरीको मैदानमा सपनी कोरेर आउ है
जुनकिरी को टिलपिल, रातमा झन झिलमिल
तिमी पनि खोल दिल अध्यारोको अघिल्तिर
संसारै हे माया अधेरीमा भुलिराछ
तिम्रो हाँसो को माया भर है परिराछ
चिरबिराउने चरी झै गाउदै आउ है
सधै खुशी र माया को बाटो पछ्याउँदै आउ है
चिरबिराउने चरी झै गाउदै आउ है
सधै खुशी र माया को बाटो पछ्याउँदै आउ है",20,638,devanagari,devanagari,0,120
A-563b606368,prakash shrestha kumar basnet bimala rai sukmit gurung|dekhe pachhi,"Prakash Shrestha, Kumar Basnet, Bimala Rai, Sukmit Gurung",Dekhe Pachhi,257.0,1,lrclib_search,https://lrclib.net/api/get/32079672,nepali,Dekhe Pachhi,"Prakash Shrestha, Kumar Basnet, Bimala Rai, Sukmit Gurung","देखेपछि माया नि लाग्ने, छेकु भन्दा भाग्ने
देखेपछि माया नि लाग्ने, छेकु भन्दा भाग्ने
आफन्तमै किन हो यस्तो चाल नि लैलै हो
आफन्तमै किन हो यस्तो चाल नि लैलै हो
लाऊ माया लाउन गाह्रो फुकाउन झन् गाह्रो
लाऊ मामा लाउन गाह्रो फुकाउन झन् गाह्रो
के गर्नु छ मेरो यस्तै हाल नि लैलै हो
के गर्नु छ मेरो यस्तै हाल नि लैलै हो
खोली भन्दा नदी ठूलो नदी भन्दा सागर
खोली भन्दा नदी ठूलो नदी भन्दा सागर
त्यो भन्दा नि आकाश ठूलो हुन्छ नि लैलै हो
त्यो भन्दा नि आकाश ठूलो हुन्छ नि लैलै हो
जिन्दगीको घामछायाँ तिम्रो हाम्रो चोखो माया
जिन्दगीको घामछायाँ तिम्रो हाम्रो चोखो माया
हामीलाई त त्यही ठूलो हुन्छ लैलै हो
हामीलाई त त्यही ठूलो हुन्छ लैलै हो
हाँसौल बोलौला पनि नाचौला तर
हाँसौल बोलौला पनि नाचौला तर
माया त दिउँला नि अर्को साल नि लैलै हो
माया त दिउँला नि अर्को साल नि लैलै हो
चाँदी भन्दा गिनी राम्रो गिनी भन्दा सुन
चाँदी भन्दा गिनी राम्रो गिनी भन्दा सुन
सुन भन्दा राम्रो हिरामोती लैलै हो
सुन भन्दा राम्रो हिरामोती लैलै हो
त्यो भन्दा नि राम्रो लाग्छ, दुनु हात ठूलो हुने
त्यो भन्दा नि राम्रो लाग्छ, दुनु हात ठूलो हुने
पौरखीको बर जस्तो छाती लैलै हो
पौरखीको बर जस्तो छाती लैलै हो
गाउ सँगै भाका नि मिल्छ भाका मिले मन
गाउ सँगै भाका नि मिल्छ भाका मिले मन
मन मिले घरबार पनि मिल्छ नि लैलै हो
मन मिले घरबार पनि मिल्छ नि लैलै हो
मन मिले घरबार पनि मिल्छ नि लैलै हो
मन मिले घरबार पनि मिल्छ नि लैलै हो
मन मिले घरबार पनि मिल्छ नि लैलै हो
मन मिले घरबार पनि मिल्छ नि लैलै हो",36,1329,devanagari,devanagari,0,268
A-aa7f4246d7,rachana dahal|brahmanda,Rachana Dahal,Brahmanda,399.0,1,lrclib_get,https://lrclib.net/api/get/11783668,nepali,Brahmanda,Rachana Dahal,"एमएम, अन्तिम दिन
त्यसैले घाम ओडी हिँड्दै छु म
एमएम, पुनः जन्मिन
आत्मिय गाँठो फुकाउँदै छु म
ओ, नौलाख तारा
ब्रह्माण्ड सारा मेरै भित्र छ
ओ, अनन्तः उर्जा
म नै बिन्दु, ममै नष्ट, ओ
हेर आकाश, ooh
शान्त, अचल, चकमन्न
तिम्रो प्रकाश, ooh
संयोजी दुई दुनियाँको
आधीआधी भाग लगाई दिल र दिमागको, ओ
एमएम, बुझेँ यथार्थ
यो झूटो संसार, झूटो खुशीमै छु म
एमएम, सांसारिक अर्थ
बुझेर लाटोसरि बौलाउँदै छु म
ओ, विशाल तरङ्ग
सत्यता भङ्ग, आँखा खुल्दै छ
ओ, म ग्रन्थकर्ता
म नै सत्य, म अतुल्य
गाडिएँ, जमिनभित्र गाडिएँ म
गाडिएँ, जमिनभित्र गाडिएँ म
गाडिएँ, जमिनभित्र गाडिएँ म",24,539,mixed,mixed,1,99
A-e8c0dbf0db,rachana dahal|hey bhagwan,Rachana Dahal,Hey Bhagwan,288.0,1,lrclib_get,https://lrclib.net/api/get/6587880,nepali,Hey Bhagwan,Rachana Dahal,"आस्तिक म होइन
देवीदेवता छैनन्
केहीमा नि विश्वास लाग्दैन
पाप अनेक मेरा
प्वाल र छेद हेर
धर्मले कर्म ढाक्दैन
पारि छिमेक घरको काका हिजो बित्नुभो
मनको कुनामा डाह भो
उनका ठाउँ म भए, कालले मलाई लगे
हाँसेरै शरण गर्ने थेँ
आस्तिक म होइन, देवीदेवता छैनन्
केहीमा नि विश्वास लाग्दैन
पाप अनेक मेरा, प्वाल र छेद हेर
धर्मले कर्म ढाक्दैन
पारि छिमेक घरको आँसुले इनार भरियो
आज आकाश नि रसायो
मरण सजिलो भए, मेरा प्राण नि गए
हाँसेरै शरण गर्ने थेँ
आस्तिक म होइन, देवीदेवता छैनन्
केहीमा नि विश्वास लाग्दैन
पाप अनेक मेरा, प्वाल र छेद हेर
धर्मले कर्म ढाक्दैन
धर्म कर्म, धर्म धाम
धर्म तीर्थ, धर्म नै शान
धर्म कर्म, धर्म धाम
धर्म तीर्थ, धर्म नै शान
आस्तिक म होइन, देवीदेवता छैनन् (धर्म कर्म, धर्म धाम)
केहीमा नि विश्वास लाग्दैन (धर्म तीर्थ, धर्म नै शान)
पाप अनेक मेरा, प्वाल र छेद हेर (धर्म कर्म, धर्म धाम)
धर्मले कर्म ढाक्दैन (धर्म तीर्थ, धर्म नै शान)",30,824,devanagari,devanagari,0,154
A-902cf90518,ram krishna dhakal|jane le ta,Ram Krishna Dhakal,Jane Le Ta,364.0,1,lrclib_get,https://lrclib.net/api/get/7971622,nepali,Jane Le Ta,Ram Krishna Dhakal,"जानेले त छाडि गयो
बच्नेले त बाँच्नै पर्यो
जानेले त छाडि गयो
बच्नेले त बाँच्नैपर्यो
अजम्बरी को छ यहाँ?
अजम्बरी को छ यहाँ?
संसारकै रीत मान्नै पर्यो
संसारकै रीत मान्नै पर्यो
जानेले त छाडि गयो
मर्नपनि सकिएन
मर्नपनि सकिएन, बाँच्न झनै सकस भयो
मर्नपनि सकिएन, बाँच्न झनै सकस भयो
सँगै बाँच्ने, सँगै मर्ने
हाम्रो बाचा के-के भयो
टारेर नटर्ने, टारेर नटर्ने भगवानको लिला यस्तो
मानिसको चोला रहेछ कर्कलाको पानी जस्तो
सपना हो कि? विपना हो यो?
सम्झि-सम्झि बाँच्नै पर्यो
अजम्बरी को छ यहाँ?
अजम्बरी को छ यहाँ?
संसारकै रीत मान्नै पर्यो
संसारकै रीत मान्नै पर्यो
जानेले त छाडि गयो
दैवको प्रहार त...
दैवको प्रहार त थाहा नदि हुँदो रैछ
दैवको प्रहार त थाहा नदि हुँदो रैछ
भारि मन बनाएर कति दिन त चल्दो रैछ
बाँचुन्जेल तेरो मेरो
बाँचुन्जेल तेरो मेरो, मरि लानु के पो रैछ
स्रद्धान्जली बाहेक दिन केनै पो सकिदो रहेछ
कुन जुनिमा भेट होला?
मनमा आशा साँच्नै पर्यो
अजम्बरी को छ यहाँ
अजम्बरी को छ यहाँ
संसारकै रीत मान्नै पर्यो
संसारकै रीत मान्नै पर्यो
सम्झि-सम्झि बाँच्नै पर्यो
मनमा आशा साँच्नै पर्यो",38,961,devanagari,devanagari,0,176
A-627fb4a83a,ram thapa|joor joor madal,Ram Thapa,Joor Joor Madal,312.0,1,lrclib_get,https://lrclib.net/api/get/30302064,nepali,Joor Joor Madal,Ram Thapa,"जोरजोर मादल घन्काउँदै, पाखा र पर्वत रन्काउँदै
जोरजोर मादल घन्काउँदै, पाखा र पर्वत रन्काउँदै
लेक र बेसी बिउँझाउँदै, झ्याउरे भाकामा गाउँदै
आएँ म त, मायालु, माया र पिरती लाउँदै
आएँ म त, मायालु, माया र पिरती लाउँदै
हो, माया र पिरती लाउँदै
सुनकोसीको तीरैमा सानो, है, घरबार बसाउँला
सुनकोसीको तीरैमा सानो, है, घरबार बसाउँला
मीठो र पीठो जे पाउँला, चोखो, है, मनले खाउँला
दुई दिनको चोला यो हाँसी र खेली बिताउँला
दुई दिनको चोला यो हाँसी र खेली बिताउँला
हो, हाँसी र खेली बिताउँला
वनैमा उड्ने चरीले कहाँ पो बसी रुन्छ र?
वनैमा उड्ने चरीले कहाँ पो बसी रुन्छ र?
दुःख र सुख कर्मको खेल, देखेको कसले हुन्छ र?
हाँसौँ, खेलौँ, मायालु, मरेरै लानु पो के छ र?
हाँसौँ, खेलौँ, मायालु, मरेरै लानु पो के छ र?
हो, मरेरै लानु पो के छ र?
हो, मरेरै लानु पो के छ र?
हो, मरेरै लानु पो के छ र?",20,757,devanagari,devanagari,0,148
A-7651a92274,sabin rai the pharaoh|raftaar,"Sabin Rai, The Pharaoh",Raftaar,262.0,1,lrclib_search,https://lrclib.net/api/get/8137816,nepali,Raftaar,"Sabin Rai, The Pharaoh","मेरो रफ्तार मेरो शान
भेट्दैनस् मलाई मार
जुटिसके देख्दैनस्
यही हो मेरो पहिचान
मुस्किल छ अब मलाई
मेरो छाया छुन लाई
मेरो मालिक म आफै
न खोज् ठाउँ लिन लाई
रफ्तार मेरो जिन्दगी को अर्को नाउ
जिन्दगी को अर्को नाउ
जिन्दगी को अर्को नाउ
जे सोच्छ बालै फरर
रफ्तार मेरो रगत
रफ्तार को म राजा हु
पछि छन् सबै मेरो
सबै भन्दा अघि छु
बेकार छ पछ्याउन लाई
भेट्ने सपना देख्न लाई
मुर्खता हो त्यो तेरो
छोडिदे त्यो प्रयास लाई
रफ्तार मेरो जिन्दगी को अर्को नाउ
जिन्दगी को अर्को नाउ
जिन्दगी को अर्को नाउ
जे सोच्छस् बालै फरर
आफै हेर त तेरो ठाउँ
काहाँ जस्तो काहाँ म
सोच्दा सोच्दै त बुदो हुन्छस् त्या हेर्दै गर
छोडिदे मलाई खेलाउन
मेरो रफ्तार मेरो शान
भेट्दैनस् मलाई मार
जुटिसके देख्दैनस्
यही हो मेरो पहिचान
मुस्किल छ अब मलाई
मेरो छाया छुन लाई
मेरो मालिक म आफै
न खोज् ठाउँ लिन लाई
रफ्तार मेरो जिन्दगी को अर्को नाउ
जिन्दगी को अर्को नाउ
जिन्दगी को अर्को नाउ
जे सोच्छस् बालै फरर
बालै फरर, बालै फरर, बालै फरर
जे सोच्छस्",42,881,devanagari,devanagari,0,174
A-8bb52c3cbc,sabin rai the pharaoh|sutukka,"Sabin Rai, The Pharaoh",Sutukka,284.0,1,lrclib_search,https://lrclib.net/api/get/10540453,nepali,Sutukka,"Sabin Rai, The Pharaoh","सुटुक्क तिमि मलाई भेट्न आउ
हु, सुटुक्क तिमि मलाई भेट्न आउ
तिमीलाई देखे संसारै भुल्छु
नानाथरीको यादमा ढुल्छु
मेरो दिनभरी को यही हो एउटै काम, ये
ओउ, ओउ, सुटुक्क तिमि मलाई भेट्न आउ
आउ, आउ, आउ
ओ, सुटुक्क तिमि मलाई भेट्न आउ
सकिए जुनी सकिन्न माया
मनका कुरा ले फुक्दैन पाना
तिमि हर घडी हर क्षण मेरो दिमाग मै छौ, ये
ओउ, ओउ, सुटुक्क तिमि मलाई भेट्न आउ
आउ, आउ, आउ
ओ, सुटुक्क तिमि ये, मलाई भेट्न आउ
हिडैन संग संगै त्यो बाटो
जुन बाटोले हामीलाइ डोर्राउदै छ पुग्ने ठाउँ
हामी दुई को एउटै जुन ठाउँमा अरुकोई हुनेछैन
नभए बरु तिमि म संग अल्मलिंछु कि कतै
सजिलो छैन जिन्दगि जिउन तिमि बिना मलाई
सुटुक्क तिमि मलाई भेट्न आउ
आउ, आउ, आउ
ओ, सुटुक्क तिमि ये, मलाई भेट्न आउ
तिमीलाई देखे संसारै भुल्छु
नानाथरीको यादमा ढुल्छु
मेरो दिनभरी को यही हो एउटै काम, ये
ओउ, ओउ, सुटुक्क तिमि मलाई भेट्न आउ
आउ, आउ, आउ
ओ, सुटुक्क तिमि ये, मलाई भेट्न आउ
ओउ, ओउ, ओउ, ये, मलाई भेट्न आउ
ओउ, ओउ, ओउ, ये, ये, मलाई भेट्न",30,870,devanagari,devanagari,0,174
A-6653c9311b,sabin rai|akorinchhu,Sabin Rai,Akorinchhu,270.0,1,lrclib_get,https://lrclib.net/api/get/12589612,nepali,Akorinchhu,Sabin Rai,"एकोरिन्छु म यहाँ सम्झी आउने दिनहरू बसी एक्लै म कहिलेकाहीँ
खोजिरहन्छु जवाफहरू धेरै प्रश्नहरूको, झनै जटिल भइदिन्छ
अलमल्ल, छताछुल्ल सपना लिई म आज हिँड्दै छु
अन्ध्यारो बाटो, गन्तव्यहीन, अनि सोच्छु, ""कहाँबाट सुरु गरूँ म?
धमिलो छ, दृष्टि धमिलो छ, टाढा-टाढासम्म देखिँदैन यहाँ केही पनि
लड्यो, उठ्यो, उठ्यो, लड्यो, कति विघ्नबाधा हो? क्षमताको कठोर परीक्षा
बल्ल-बल्ल आधा उमेर बित्यो, आधी बित्नु बाँकी छ
थाकेको शरीर, कमजोर बदन सम्हाल्दै म बढाउन खोज्छु पाइला अघि यहाँ
कालो बादल छायो, मडारिँदै आयो
मेरो स्यानो संसार उडाई लग्यो
कता लागूँ अब? कसलाई सुनाऊँ सब?
सुनिदिने पनि शोकमा डुब्यो
Hey, hey, yeah
Ah-हा-हा, yeah
एकोरिन्छु म यहाँ सम्झी आउने दिनहरू बसी एक्लै म कहिलेकाहीँ
खोजिरहन्छु जवाफहरू धेरै प्रश्नहरूको, झनै जटिल भइदिन्छ
जति सम्झ्यो त्यति टाउको दुख्छ, बरु जे पर्छ त्यही टर्छ
सजिलो छैन त्यस्तो पनि, तरै पनि झिनो आशा अझै बाँकी छ
कालो बादल छायो, मडारिँदै आयो
मेरो स्यानो संसार उडाई लग्यो
कता लागूँ अब? कसलाई सुनाऊँ सब?
सुनिदिने पनि शोकमा डुब्यो
Hey, hey, yeah
Ah-हा-हा, ah-हा-हा
Hey, hey, yeah
Ah-हा, हा, हा, yeah, yeah, yeah, yeah
Hey, hey, yeah, yeah
Hey, hey, yeah, yeah
Hey, hey, hey, hey",29,1080,mixed,mixed,1,192
A-873fde3c56,sabin rai|daya baya,Sabin Rai,Daya Baya,235.0,1,lrclib_get,https://lrclib.net/api/get/12026810,nepali,Daya Baya,Sabin Rai,"दायाँबायाँ म जान्दिन, सिधा मेरो नजर छ
डगमगाओस् जति यो धर्ती, दह्रो मेरो पकड छ
दायाँबायाँ म जान्दिन, सिधा मेरो नजर छ
डगमगाओस् जति यो धर्ती, दह्रो मेरो पकड छ
यस्तै हो, अलिकति ढिलो-छिटो मात्रै हो
अडिग छ विश्वास मेरो, बाधाहरू पन्छाउँदै जान्छु म
जहाँसम्म जान सक्छु
मेरो यो जीवन गाडी, यसको आफ्नै रफ्तार छ
गुडाऊँ या यसलाई रोकूँ, सबै आफ्नो हातमै छ
स्पष्ट दृष्टि छ, भड्किन्न कतै पनि
जाँगर र जोस भरिएका यी हातहरू चलाउँदै बढ्छु म
जहाँसम्म बढ्न सक्छु
मलाई केही बन्नु छ
मलाई आफ्नो ठाउँ चिन्नु छ
मलाई अघि बढ्नु छ
मलाई इतिहास रच्नु छ, yeah
समस्याहरू धेरै छन्, हल गर्दै जानु छ
देख्नु र भोग्नुमा धरै ठूलो अन्तर छ, yeah-yeah
दायाँबायाँ म जान्दिन, सिधा मेरो नजर छ
डगमगाओस् जति यो धर्ती, दह्रो मेरो पकड छ
यस्तै हो, अलिकति ढिलो-छिटो मात्रै हो
अडिग छ विश्वास मेरो, बाधाहरू पन्छाउँदै जान्छु म
जहाँसम्म जान सक्छु
मलाई केही बन्नु छ
मलाई आफ्नो ठाउँ चिन्नु छ
मलाई अघि बढ्नु छ
मलाई इतिहास रच्नु छ, yeah
मलाई केही बन्नु छ
मलाई आफ्नो ठाउँ चिन्नु छ, yeah
मलाई अघि बढ्नु छ
मलाई इतिहास रच्नु छ, yeah",31,966,mixed,mixed,0,186
A-fde37b3fd8,sabin rai|kahan dekhi kahan samma,Sabin Rai,Kahan Dekhi Kahan Samma,275.0,1,lrclib_get,https://lrclib.net/api/get/12030287,nepali,Kahan Dekhi Kahan Samma,Sabin Rai,"कहाँदेखि कहाँसम्म आइपुग्यौँ हामी?
आज सबै एकै ठाउँमा, भोलि काँ जानी?
कहाँदेखि कहाँसम्म आइपुग्यौँ हामी?
आज सबै एकै ठाउँमा, भोलि काँ जानी?
भोलि कसले देख्या छ र? कसले जान्या छ र?
रमाइलो गर्ने यही हो बेला मन खोलेर, yeah
आउँदैन फेरि-फेरि यो मौका, नछुटाऊ तिमी एकछिन पनि
याद रहोस् सारा जिन्दगी
हिजोको दिन सम्झनु मीठो, आजको दिन भोलि
कति यादहरू रमाइलो लाग्छ सम्झनु पनि, yeah
आफ्नो-आफ्नो बाटो जानु छ यादहरू पछाडि छोड्दै
याद रहोस् सारा जिन्दगी
सुखदुःख जिन्दगीको सिक्काको दुई पाटो हो
जस्तो गर्छौ त्यस्तै पाउँछौ, तिम्रो कर्मको फल हो त्यो, yeah
यही हो जीवनको नियम, हामीले निभाउनु छ
यसरी नै सारा जीवन हामीले गुजार्नु छ
आज हामी सबै सामेल छौँ यहाँ जीवनको यो दौडमा
याद रहोस् सारा जिन्दगी
कहाँदेखि कहाँसम्म आइपुग्यौँ हामी?
आज सबै एकै ठाउँमा, भोलि काँ जानी?
भोलि कसले देख्या छ र? कसले जान्या छ र?
रमाइलो गर्ने यही हो बेला मन खोलेर, yeah
आउँदैन फेरि-फेरि यो मौका, नछुटाऊ तिमी एकछिन पनि
याद रहोस् सारा जिन्दगी
ना-ना, ना-ना-ना-ना-ना, ना-ना-ना, ना-ना-ना
ना-ना-ना-ना, ना-ना-ना-ना-ना, ना-ना, yeah
Oh yeah",27,977,mixed,mixed,0,189
A-8b211396eb,sugam pokharel|eauta manchhe,Sugam Pokharel,Eauta Manchhe,290.0,1,lrclib_get,https://lrclib.net/api/get/15162385,nepali,Eauta Manchhe,Sugam Pokharel,"एउटा मान्छे बिदा मागी टाढा भाग्यो
बिदाइमा उसको माया गाढा लाग्यो
रोऊँ भने साइतमा हाँस्नुपर्छ भन्छन्
हाँसूँ भने पीर बनी आँसुदाना झर्छन्
अब उसको छायामात्रै घुम्छ वरिपरि
झझल्कोमा आउने गर्छ घरीघरी
माया पनि अचम्मै छ सम्झीसम्झी लाग्छ
भित्रभित्रै मन गल्छ, उसै छाती पाक्छ
जब-जब हाँस्न खोज्छु, पैले रुवाइ छुट्छ
मुटुभरि चोट लाग्यो, जिन्दगी नै टुट्छ
अब उसको छायामात्रै घुम्छ वरिपरि
झझल्कोमा आउने गर्छ घरीघरी
रोऊँ भने साइतमा हाँस्नुपर्छ भन्छन्
हाँसूँ भने पीर बनी आँसुदाना झर्छन्
अब उसको छायामात्रै घुम्छ वरिपरि
झझल्कोमा आउने गर्छ घरीघरी
एउटा मान्छे बिदा मागी टाढा भाग्यो
बिदाइमा उसको माया गाढा लाग्यो",18,587,devanagari,devanagari,0,96
A-cdce53439e,sugam pokharel|holi,Sugam Pokharel,Holi,314.0,1,lrclib_get,https://lrclib.net/api/get/30818691,nepali,Holi,Sugam Pokharel,"होली, हो (हो-हो)
सररररररर (हो-हो) होली, हो (हो-हो)
(हो-हो)
आजको यो दिन, रमाइलो यो छिन, नाचौँ, गाऊँ मन यो खोली
रमौँ है आज नमानी लाज, थाहा छैन को कहाँ पुग्ने हो भोलि
पिच्कारीमा रङ्ग भरेर, सरर, सरर, सरर
खुसीले सारा दङ्ग परेर, सरर, सरर, सरर
भिजे नि आज रङ्गरङ्गैले नयाँ लुगा र चोली
थरीथरीका रङ्ग मिले जस्तै मिलाऊँ है हाम्रो बोली
लौ, आयो रे, आयो रे, आयो रे, होली, होली
सररररररर होली, हो
सररररररर होली, हो
सररररररर होली, हो
सररररररर होली, हो
लुकेर झ्यालमा बस्नेलाई हानौँ कि रङ्गको लोला?
निलो, पहेँलो, रातो रङ्गमा रङ्गिदा मज्जा होला
हे, कसलाई नहोला होलीमा रम्ने, रङ्गमा जम्ने रहर?
हेर त आज रङ्गीन भाको छ सारा गाउँ र शहर
भिजे नि आज रङ्गरङ्गैले नयाँ लुगा र चोली
थरीथरीका रङ्ग मिले जस्तै मिलाऊँ है हाम्रो बोली
लौ, आयो रे, आयो रे, आयो रे, होली, होली
हा-हा, हा-हा, उमेर छँदा नाचियो कति, कति-कति गाइयो
हानियो लोला दौँतरीलाई, आफूले पनि खाइयो
हिजोको रौस देखाउन उठ्यो हाम्रो नि बूढो टोली
जमेर खेलौँ, जमेर खेलौँ, लौ, बूढाबूढी आज सँगै होली
आ-हा, आ-हा (हुर्र रे, है, है, है)
अरे, देख्दै छु मैले किन आज अखियाँ लाल-लाल? (अरे, वाह रे, वाह)
अरे, भाङले हो कि रङ्गले हो कि रातै भयो नि गाल (अरे, वाह रे, वाह)
अरे, रङ्ग लगायो, भाङ नि खायो, नगर धेरै बबाल
फागुको रङ्गमा हेर त आज देख्दै छ कमाल
ए भैया, राम-राम, ए बौजी, राम-राम
ए दाजु, राम-राम, ए बैनी, राम-राम
दुई दिनको जिन्दगी हो मानिसको चोला
आज रमाऊँ दिल खोलेर, अर्को साल के होला?
पोखरामा अबिर खेल्दा खुसी जनकपुरमा
निस्फिक्री होली खेलौँ है हामी आज आफ्नै सुरमा
भिजे नि आज रङ्गरङ्गैले नयाँ लुगा र चोली
थरीथरीका रङ्ग मिले जस्तै मिलाऊँ है हाम्रो बोली
लौ, आयो रे, आयो रे, आयो रे, होली, होली
आजको यो दिन, रमाइलो यो छिन, नाचौँ, गाऊँ मन यो खोली
रमौँ है आज नमानी लाज, थाहा छैन को कहाँ पुग्ने हो भोलि
पिच्कारीमा रङ्ग भरेर, सरर, सरर, सरर
खुसीले सारा दङ्ग परेर, सरर, सरर, सरर
भिजे नि आज रङ्गरङ्गैले नयाँ लुगा र चोली
थरीथरीका रङ्ग मिले जस्तै मिलाऊँ है हाम्रो बोली
लौ, आयो रे, आयो रे, आयो रे, होली, होली
होली, होली
होली, होली
होली, होली",49,1843,devanagari,devanagari,0,366
A-d5188b956d,sugam pokharel|jaba raat,Sugam Pokharel,Jaba Raat,264.0,1,lrclib_get,https://lrclib.net/api/get/29769612,nepali,Jaba Raat,Sugam Pokharel,"जब रात ओर्लेर तल आउछ
उनकै सपनी बोकी ल्याउछ
मलाई लुकी हेर्छिन मेरी प्रियसी
मलाई लुकी हेर्छिन मेरी प्रियसी
यो मनका बिसाउने हरु मा बसी
हो हो हो ...
ला ला ला ...
मुस्कान भर्ने ति आँखा हरु
म बुझ्छु उनैका ति भाका हरु
लुक्दै रहन्छिन् ति मेरी परि
सम्मोह गर्दै सपनी भरि
हो हो हो ...
ला ला ला ...
मेरै खुसि ति हर कल्पना
झझल्को मनैकि प्रिय सम्झना
बस्छिन् मुटु मा र आँखा भरि
चम्किरहे झैँ ति तारा सरी
जब रात ओर्लेर तल आउछ
उनकै सपनी बोकी ल्याउछ
मलाई लुकी हेर्छिन मेरी प्रियसी
मलाई लुकी हेर्छिन मेरी प्रियसी
यो मनका बिसाउने हरुमा बसी
हो हो हो ...
ला ला ला ...
हा हा हा ...
हो हो हो ...
ला ला ला ...",27,583,devanagari,devanagari,0,116
A-3cbcaba0ab,sugam pokharel|k yehi prem ho,Sugam Pokharel,K Yehi Prem Ho,309.0,1,lrclib_get,https://lrclib.net/api/get/33543556,nepali,K Yehi Prem Ho,Sugam Pokharel,"हरपल, हरक्षण तिम्रै बारेमा सोचिरहन्छु
के यही प्रेम हो?
तिमी नै तिमी यो आँखाभरि देखिरहन्छु
के यही प्रेम हो?
मन छैन वशमा
रोकूँ कसरी आफूलाई?
चैन चोरेर लग्यौ
अब जिउन सक्दिन एक्लै
मैले रोजेको तिम्रो हात, मैले खोजेको तिम्रो साथ
अब जीवनमा आइदेऊ, आइदेऊ, whoa
मैले सजाई राखिसकेँ मेरो मनको मन्दिरमा
अब सम्झिरहन्छु रात, दिन, बिहान तिमीलाई, oh, whoa
तिमी आउने बाटोमा पर्खी उभिरहन्छु
के यही प्रेम हो?
साँझको बेला तिम्रै गल्ली म डुलिरहन्छु
के यही प्रेम हो?
मन छैन वशमा
रोकूँ कसरी आफूलाई?
चैन चोरेर लग्यौ
अब जिउन सक्दिन एक्लै
मैले रोजेको तिम्रो हात, मैले खोजेको तिम्रो साथ
अब जीवनमा आइदेऊ, आइदेऊ, whoa
मैले सजाई राखिसकेँ मेरो मनको मन्दिरमा
अब सम्झिरहन्छु रात, दिन, बिहान तिमीलाई, oh, whoa
मैले रोजेको तिम्रो हात, मैले खोजेको तिम्रो साथ
अब जीवनमा आइदेऊ, आइदेऊ, whoa
मैले सजाई राखिसकेँ मेरो मनको मन्दिरमा
अब सम्झिरहन्छु रात, दिन, बिहान तिमीलाई, oh, whoa",28,836,mixed,mixed,0,145
A-228256b26f,sugam pokharel|lagchha malai,Sugam Pokharel,Lagchha Malai,281.0,1,lrclib_get,https://lrclib.net/api/get/30574113,nepali,Lagchha Malai,Sugam Pokharel,"लाग्छ मलाई तिम्रो हृदयमा मेरो लागि प्रेम पलाउनै सकेन
छाडेर जान्छु,"" भन्छौ तिमी, तर मैले चाहेको त्यस्तो होइन
तर तिम्रो मन छाडेर जाऊ या मलाई अँगालिराख
तर तिम्रो मन छाडेर जाऊ या मलाई अँगालिराख
जहाँ गए पनि तिमी आफूलाई सम्हालिराख
जीवनभरि तिम्लाई साथ दिन्छु भनेर तिम्रो हात समाएकै थिएँ
अग्निलाई साक्षी मानेर सबै सामू तिमीलाई अपनाएकै थिएँ
विवाह तिम्रो लागि खेल भएछ
विवाह तिम्रो लागि खेल भएछ
दुईचारदिनको मात्र हाम्रो मेल रहेछ
तर तिम्रो मन छाडेर जाऊ या मलाई अँगालिराख
तर तिम्रो मन छाडेर जाऊ या मलाई अँगालिराख
जहाँ गए पनि तिमी आफूलाई सम्हालिराख
लाग्छ मलाई तिम्रो हृदयमा मेरो लागि प्रेम पलाउनै सकेन
छाडेर जान्छु,"" भन्छौ तिमी तर मैले चाहेको त्यस्तो होइन
तर तिम्रो मन छाडेर जाऊ या मलाई अँगालिराख
तर तिम्रो मन छाडेर जाऊ या मलाई अँगालिराख
जहाँ गए पनि तिमी आफूलाई सम्हालिराख",18,758,devanagari,devanagari,0,134
A-050cff35d8,sugam pokharel|satya rahechha,Sugam Pokharel,Satya Rahechha,240.0,1,lrclib_get,https://lrclib.net/api/get/33644043,nepali,Satya Rahechha,Sugam Pokharel,"हो, यही सत्य रहेछ, अरू त सबै झुटो
माया भन्ने चीजले कैयौँ-कैयौँलाई लुट्यो
कति खुशी साथ बाँच्दै छन्, कतिको साथ छुट्यो
सपना यहाँ कतिको टुट्यो
सिसा झैँ मुटु कतिको फुट्यो
रुँदारुँदै (रुँदारुँदै) आँसु सुक्यो
हो, यही सत्य रहेछ, अरू त सबै झुटो
माया-प्रीति भन्दाभन्दै धेरैको जीवन बित्यो
जित्यो जसले खुशी भयो ऊ, हार्नेको जीवन रित्तियो
सपना यहाँ कतिको टुट्यो
सिसा झैँ मुटु कतिको फुट्यो
रुँदारुँदै (रुँदारुँदै) आँसु सुक्यो
सपना यहाँ कतिको टुट्यो
सिसा झैँ मुटु कतिको फुट्यो
रुँदारुँदै (रुँदारुँदै) आँसु सुक्यो
सत्य रहेछ, सत्य रहेछ
सत्य रहेछ, सत्य रहेछ
सत्य रहेछ
हो, यही सत्य रहेछ",19,566,devanagari,devanagari,0,97
A-919c9f44c4,sugam pokharel|yasari,Sugam Pokharel,Yasari,268.0,1,lrclib_get,https://lrclib.net/api/get/32896403,nepali,Yasari,Sugam Pokharel,"यसरी बाँध्यौ मलाई तिम्ले, छोड्नै सकिन
गाँठो परेर बस्यो मनमा, खोल्नै सकिन
यसरी बाँध्यौ मलाई तिम्ले, छोड्नै सकिन
गाँठो परेर बस्यो मनमा, खोल्नै सकिन
हुरीजस्तै बनेर आयौ तिमी
मनमा बसी लायौ काउकुती
हुरीजस्तै बनेर आयौ तिमी
मनमा बसी लायौ काउकुती
यति नजिक राख्यौ तिमीले, तिमीले, तिमीले
साँच्चै मायाको डोरीले बाँधी
भन्न सकिन, तिम्रो पछ्यौरीमा मेरो लागि ठाउँ थियो कि, थियो कि, थियो कि
सोच्न सकिन, कतै मलाई जस्तै तिम्लाई पनि भयो कि
भन्न सकिन, तिम्रो पछ्यौरीमा मेरो लागि ठाउँ थियो कि
सोच्न सकिन, कतै मलाई जस्तै तिम्लाई पनि भयो कि
कति लाएँ यी आँखाहरू, कति हेरेँ ती बाटो
गर्न सक्छु म जे पनि तिम्रो मायाको साटो
हुरीजस्तै बनेर आयौ तिमी
मनमा बसी लायौ काउकुती
हुरीजस्तै बनेर आयौ तिमी
मनमा बसी लायौ काउकुती
यति नजिक राख्यौ तिमीले, तिमीले, तिमीले
साँच्चै मायाको डोरीले बाँधी
कति लाएँ यी आँखाहरू, कति हेरेँ ती बाटो
गर्न सक्छु म जे पनि तिम्रो मायाको साटो
हुरीजस्तै बनेर आयौ तिमी
मनमा बसी लायौ काउकुती
हुरीजस्तै बनेर आयौ तिमी
मनमा बसी लायौ काउकुती
यति नजिक राख्यौ तिमीले, तिमीले, तिमीले
साँच्चै मायाको डोरीले बाँधी
यसरी बाँध्यौ मलाई तिम्ले, छोड्नै सकिन
गाँठो परेर बस्यो मनमा, खोल्नै सकिन
यसरी बाँध्यौ मलाई तिम्ले, छोड्नै सकिन
गाँठो परेर बस्यो मनमा, खोल्नै सकिन
हुरीजस्तै बनेर आयौ तिमी
मनमा बसी लायौ काउकुती
हुरीजस्तै बनेर आयौ तिमी
मनमा बसी लायौ काउकुती
यति नजिक राख्यौ तिमीले, तिमीले, तिमीले
साँच्चै मायाको डोरीले बाँधी",40,1295,devanagari,devanagari,0,224
A-58df69c2ff,the edge band|traash,The Edge Band,Traash,232.0,1,lrclib_get,https://lrclib.net/api/get/11787354,nepali,Traash,The Edge Band,"बोल्न खोज्छु सधैं बोली फुट्दैन
हिंड्न खोज्छु अघि पाइला सर्दैन
हाँस्न खोज्छु पीडा झनै बल्झन्छ
हन दैव यो कसरी सुल्झिन्छ
गर्न खोज्दा केही बाँधिन्छ यो हात
हेर्न खोज्दा संसार छेकिन्छ यो आँखा
सुन्न खोज्यो कान मेरो छोपिन्छ
हन दैव यो कसरी सुल्झिन्छ
यो दुनियाँमा किन भएको यस्तो
दया र माया सबै रित्तिएको
गढ्दैछ यो देशमा अविश्वासको जरो
अन्धकार छायो वरिपरि मेरो
बढ्दैछ देशमा डर र त्रास
गढ्दैछ कोही यहाँ त्रासको दास
लाग्न थाले सबै पूरा गर्नलाई स्वार्थ
जिउन र मर्नको के भयो अर्थ
सोचेको थिएन सपना पनि यस्तो
धर्तीमा होइन नर्कमा भएजस्तो
लाग्न छाड्यो मलाई कसैको आश
बाँच्न पर्यो आज भई जिउँदो लास
गर्न खोज्दा केही बाँधिन्छ यो हात
हेर्न खोज्दा संसार छेकिन्छ यो आँखा
सुन्न खोज्यो कान मेरो छोपिन्छ
हन दैव यो कसरी सुल्झिन्छ",24,699,devanagari,devanagari,0,125
