song_id,positive,negative,joy,sadness,anger,fear,depression,mood_phrase,confidence
0,1,0,1,0,0,0,0,मायालु जिस्काउने रमाइलो भाका,high
1,1,0,1,0,0,0,0,मायालुलाई लिन आउने लाहुरेको उमङ्ग,high
2,1,0,1,0,0,0,0,अतल माया र सँगै जिउने कसम,high
4,1,0,1,0,0,0,0,मायाको गहिरो र चञ्चल भावना,high
6,1,0,1,0,0,0,0,फूलबुट्टे सारीमा सजिएकी मायालुप्रतिको आकर्षण,high
11,0,1,0,1,0,0,0,अल्लारे जोबन र जीवनको अन्योलता,high
13,1,0,1,0,0,0,0,अमर र आदर्श मायाको चाहना,high
15,0,1,0,1,0,0,1,बाँच्नु र मर्नुको दोबाटोमा छटपटी,high
27,1,0,1,0,0,0,0,मायालुको अंगालो र सामिप्यताको चाहना,high
29,0,1,0,1,0,0,0,विगतको सम्झना र मिलनको तिर्सना,high
33,1,1,0,1,0,0,0,शान्ति र सहअस्तित्वको सन्देश,medium
41,0,1,0,1,0,1,0,क्रान्तिमा हराएको छोराको चिन्ता,high
42,0,1,0,1,0,1,0,युद्ध र क्रान्तिको चपेटामा परेको परिवारको चिन्ता,high
44,1,0,1,0,0,0,0,मायालुको मनमा हराएको चञ्चल मन,high
53,0,1,0,1,0,0,0,मायालुलाई गाउँ छोडेर नजान अनुरोध,high
55,0,1,0,1,0,0,0,मायालुको धोका र पीडा,high
56,0,1,0,1,0,0,0,निष्ठुरी मायालुले दिएको चोट,high
71,0,1,0,1,0,0,0,एकान्त रातमा मायालुको सम्झना,high
72,0,1,0,1,0,0,0,तड्पिएर मायालुलाई सम्झिरहेको मन,high
90,1,0,1,0,0,0,0,पिरती लगाउने रमाइलो प्रस्ताव,high
93,1,0,1,0,0,0,0,मायालुलाई फकाउने र सजाउने रहर,high
96,1,0,1,0,0,0,0,आध्यात्मिक शान्ति र निर्मलताको भाव,high
98,0,1,0,1,0,0,0,जीवनका दुःख र पीडाहरूको यथार्थ,high
99,1,1,1,1,0,0,0,मायाको तिर्सना र चञ्चल छटपटी,high
102,1,0,1,0,0,0,0,रोमान्टिक मुड र रमाइलो यात्राको योजना,high
109,0,1,0,1,0,0,0,माफीको याचना र छटपटिएको मन,high
110,1,0,1,0,0,0,0,हरेक पल मायालुको याद र सहारा,high
112,0,1,0,1,0,0,1,जीवनसँग हारेको र रहर मरेको अवस्था,high
116,0,1,0,1,1,0,0,झुम्के बुलाकी नपाउँदाको गुनासो र आक्रोश,high
118,1,0,1,0,0,0,0,चोखो नेपाली माया र लाहुरेको सम्झना,high
122,0,1,0,1,0,0,0,प्रेमको अतृप्त सम्झना र निद्रा हराएको पीडा,high
136,1,0,1,0,0,0,0,पहिलो मायाको उल्लास र समर्पण,high
145,0,1,0,1,0,0,0,बिछोडको पीडा र फर्केर नआउने विदाई,high
154,1,0,1,0,0,0,0,युवा जोश र रमाइलो उत्सव,high
167,0,1,0,1,0,0,0,बिछोडिएका प्रियजनप्रतिको समर्पित सम्झना,high
171,1,0,0,0,0,0,0,अधिकारका लागि उठ्ने विद्रोही आह्वान,medium
188,0,1,0,1,0,0,0,जीवनका आशा र निराशाको दार्शनिक अन्योल,high
209,0,1,0,1,0,0,0,क्षणिक प्रेम र त्यसपछि हराएको सुवास,high
220,1,0,0,0,0,0,0,सात जन्मको बाचा र सच्चा प्रेम,high
224,1,0,1,0,0,0,0,चञ्चल प्रेम र रमाइलो नोकझोक,high
225,1,0,1,0,0,0,0,बाल्यकालको सम्झना र मिठासपूर्ण प्रेम,high
226,0,1,0,0,1,0,0,चुनौतीपूर्ण र ठट्टापूर्ण विद्रੋही स्वर,medium
227,1,0,1,0,0,0,0,उत्सवमय खुसी र रमाइलो जमघट,high
228,1,0,1,0,0,0,0,वर्षाको मज्जा र खुसीको उल्लास,high
235,1,0,0,0,0,0,0,समय र प्रेमप्रतिको समर्पण,medium
237,1,0,1,0,0,0,0,हाँसोठट्टा र रमाइलो प्रेमिल संवाद,high
267,1,0,0,0,0,0,0,अन्तिम साससम्मको चोखो प्रेमको अङ्गीकार,high
271,1,0,0,0,0,0,0,हृदयको गहिराइबाट व्यक्त प्रेमपत्र,high
272,1,0,0,0,0,0,0,प्रेमपत्रमार्फत साटिएको मुटुको भावना,high
274,1,0,1,0,0,0,0,मन परेको मान्छेको हरेक कुरा स्वीकार्ने खुसी,high
276,1,0,0,0,0,0,0,जीवनसाथी बन्नका लागि गरिएको प्रस्ताव,high
291,0,1,0,0,0,0,0,प्रेमको चटारो र छटपटी,high
304,0,1,0,1,0,0,0,परिवार त्यागेर रोजेको मायाबाट पाएको धोकाको पीडा,high
316,0,1,0,1,0,0,0,नबिर्सिएको तर नपाइएको अपूर्ण प्रेमको पीडा,high
323,1,0,0,0,0,0,0,सुखदुःखमा सँगै जिउने अटल चाहना,high
328,1,0,0,0,0,0,0,सैयौँ जुनीको चोखो मायाको बाचा,high
338,1,0,1,0,0,0,0,साथीको साथ र चोखो मायाको आश्वासन,high
339,1,0,0,0,0,0,0,भौतिक रूपमा टाढा भए पनि सासैमा महसुस हुने प्रेम,high
340,1,0,1,0,0,0,0,रमाइलो ठट्टा र मायालु नोकझोक,high
342,1,0,1,0,0,0,0,इन्द्रेणी रङ्गझैँ जीवनमा खुसी भर्ने मायालु साथी,high
344,1,1,0,1,0,0,0,माया र बिछोडको पीडा मिश्रित सम्झना,high
353,0,1,0,1,0,0,1,अपेक्षित सपना र अनिश्चित भविष्यको एक्लोपन,high
355,0,1,0,1,0,0,0,प्रियजनको वियोगमा झरेका आँसु र विरही मन,high
392,1,0,1,0,0,0,0,माया प्रेममा रमाएको हसिलो र जोसिलो मन,high
397,0,1,0,1,0,0,0,पुरानो बासना र अपुरा कथाहरूको सम्झना,high
402,1,0,1,0,0,0,0,संसारको रमाइलोपन र पिरतीको उल्लास,high
403,1,0,1,0,0,0,0,चोखो माया र सँगै बाँच्ने समर्पण,high
404,1,0,1,0,0,0,0,अजम्बरी माया र गल्ती स्वीकारको भाव,high
405,1,0,1,0,0,0,0,मायालुसँगको रमाइलो र चञ्चल संवाद,high
406,1,0,1,0,0,0,0,पिरतीको पानीमा रुझ्ने चञ्चल चाहना,high
407,1,0,1,0,0,0,0,थाहा नपाइ बस बसेको मीठो माया,high
408,1,0,1,0,0,0,0,बाटो कुर्ने बानी र मायाको सुरिलो सुर,high
409,0,1,0,1,0,0,0,झूटो ठहरिएको प्रेम र बिछोडको पश्चात्ताप,high
410,1,0,1,0,0,0,0,जुनीजुनी सँगै काट्ने अमर प्रेमको उल्लास,high
411,1,0,1,0,0,0,0,मायाको गहिराइ माग्ने रसिलो पिरती,high
412,1,0,1,0,0,0,0,पोखरेली मायाको मीठो ठट्टा र आकर्षण,high
413,1,0,1,0,0,0,0,दार्जिलिङ सहर र बैँसको बेलैमा गाँसेको पिरती,high
414,1,0,1,0,0,0,0,आँसु नबनी सधैँ मुटुमा बस्ने अनुरोध,high
415,1,0,1,0,0,0,0,तिम्रो मुस्कान र साथमा पाइएको असीिम खुसी,high
416,0,1,0,1,0,0,0,हराएको मुस्कान फर्काउन खोज्ने विरही मन,high
423,1,0,1,0,0,0,0,अँध्यारो जीवनमा उज्यालो ल्याउने मायाको आभा,high
424,1,0,1,0,0,0,0,पहिलो भेटको मीठो स्मृति र समर्पण,high
435,0,1,0,1,0,0,0,बिर्सिने हो कि भन्ने शंका र चिसो याद,high
438,0,1,0,1,0,0,0,पानी परेको बेला बल्झिएको पुरानो सम्झना,high
477,1,0,1,0,0,0,0,तारा र जून खसाल्ने मायालुको मीठो कल्पना,high
528,1,0,1,0,0,0,0,सान्नीलाई मनाउने र सँगै लैजाने चाहना,high
529,1,1,0,1,0,0,0,साँझको बास र जिन्दगीको छोटो यथार्थ,medium
533,0,1,0,1,0,0,0,फूल कि काँडा मिल्ने हो भन्ने पिरलो,high
534,1,0,1,0,0,0,0,पिरिमको जादु र आकाश छुने रमाइलो कल्पना,high
537,1,0,1,0,0,0,0,भोलिको भेटघाटको मेसो मिलाउने चञ्चल उत्साह,high
547,0,1,0,1,0,0,0,"लाहुर जाने प्रिय, आँसु र बिछोडको पीडा",high
553,1,0,1,0,0,0,0,नयाँ प्रेमको खुसी र उमंग,high
568,1,0,1,0,0,0,0,तिहारको रमाइलो देउसी भैलो उत्सव,high
570,1,0,1,0,0,0,0,झिलिमिली रातमा देउसी खेलेको उल्लास,high
584,0,1,0,1,0,0,0,प्रेममा धोका पाउँदाको पीडा र छटपटी,high
590,1,0,1,0,0,0,0,गहिरिँदै गरेको माया र सँगै बाँच्ने चाहना,high
598,1,0,1,0,0,0,0,धनदौलतभन्दा चोखो माया ठूलो,high
599,1,0,1,0,0,0,0,तिम्रो मनमा बस्ने तीव्र चाहना,high
617,1,0,0,0,0,0,0,गहिरो प्रेम र समर्पणको भावना,high
620,1,0,1,0,0,0,0,उमेर ढल्किए पनि मन जवान,high
623,0,1,0,1,0,0,0,टुटेको माया जोड्ने विरहपूर्ण आग्रह,high
626,0,1,0,1,0,0,0,बाध्यताले छुट्नुपर्दाको मर्माहत अवस्था,high
629,1,0,1,0,0,0,0,प्रेममा डुबेको मनको रोमान्टिक सुस्केरा,high
632,0,1,0,0,1,0,0,दुस्मनप्रति कडा आक्रोश र व्यङ्ग्य,high
640,1,0,0,0,0,0,0,"रिसाएकी प्रिय, हसमुख आग्रह",medium
657,0,1,0,1,0,0,0,अधुरो प्रेमको कल्पना र पश्चाताप,high
680,0,1,0,1,0,0,0,क्रशप्रjosको अधुरो प्रेम पत्र र विरह,high
691,1,0,1,0,0,0,0,आध्यात्मिक शान्ति र बुद्धिको प्रकाश,high
701,0,1,0,1,0,0,0,एकतर्फी प्रेमको व्यथा र छटपटी,high
709,0,1,0,0,1,0,0,संघर्षपूर्ण जीवन र विद्रोही स्वर,high
723,1,0,1,0,0,0,0,रमाइलो प्रेमलाप र सँगै बाँच्ने कसम,high
727,1,0,0,0,0,0,0,बिछोडको डर र सँगै रहने दृढ अनुरोध,high
732,0,1,0,1,0,0,0,सङ्घर्ष र जिन्दगीको अनिश्चितता,high
748,0,1,0,1,0,0,0,प्रेममा शंका र परदेशीतिको व्यथा,medium
753,0,1,0,1,0,0,0,परदेशी जीवनको पीडა र सम्झना,high
759,1,0,1,0,0,0,0,सुखद जीवनको आशीर्वाद र उल्लास,high
760,0,1,0,1,0,0,0,जीवनको गहिराइमा एक्лаेपनको अनुभूति,high
761,0,1,0,1,0,0,0,रातको सन्नाटामा पुराना सम्झनाको उदासीनता,high
763,0,1,0,1,0,1,0,डढेलोले निम्त्याएको भय र अधुरा सपना,high
780,1,0,1,0,0,0,0,प्रकृति र प्रेममा जीवनको अर्थ,high
782,0,1,0,1,0,0,0,परदेशी जीवनको पिर र व्यथा,high
783,0,1,0,1,0,0,0,परदेशी जीवनको पिर र व्यथा,high
786,1,1,0,1,0,0,0,अल्छied रमाइलो भेट र बिछोडको पीडा,high
791,1,1,0,1,0,0,0,जिन्दगीको निरर्थकता र मायाको खोजी,medium
799,0,1,0,1,0,0,0,मोह माया र परदेशको सम्झना,medium
803,1,1,0,1,0,0,0,छोटो भेटघाट र छुट्दाको खिन्नता,high
828,1,1,0,1,0,0,0,प्रवासको दुःख र मायाको सम्झना,high
830,1,0,1,0,0,0,0,रमाइलो प्रेम प्रस्ताव र खुसी,high
831,1,0,1,0,0,0,0,विवाहको रमाइलो चाहना र उमङ्ग,high
832,1,0,0,0,0,0,0,मनका कुरा साट्ने प्रेमालाप,medium
835,1,0,1,0,0,0,0,उल्लासपूर्ण रोमान्स र नृत्य,high
844,1,1,0,0,0,0,0,मायालुको नखरा र प्रेम,medium
850,1,0,1,0,0,0,0,मुक्त मनको खुसी र प्रेम,medium
855,1,0,1,0,0,0,0,सधैंको लागि साँचो प्रेमको बाचा,high
856,0,1,0,0,1,0,0,दैनिक झैझगडा र किचकिच,high
858,1,0,0,0,0,0,0,प्रेममय आग्रह र रोमान्स,medium
860,1,0,1,0,0,0,0,रमाइलो ठट्टा र प्रेमको कुरा,high
866,0,1,0,1,0,0,0,पश्चाताप र माफीको विन्ती,high
868,1,0,1,0,0,0,0,नयाँ प्रेमको खुसी र उमङ्ग,high
879,1,1,1,0,0,0,0,हास्यमिश्रित रमाइलो रोमान्स,high
883,1,0,1,0,0,0,0,गाढा प्रेम र समर्पण,high
890,1,0,1,0,0,0,0,रमाइलो लोक लयमा प्रेमको उल्लास,high
894,1,0,0,0,0,0,0,इशारामा प्रकट भएको प्रेम,medium
895,1,0,0,0,0,0,0,इशारामा प्रकट भएको प्रेम,medium
898,0,1,0,1,0,0,0,परदेशीने बेलाको पीडा र आश्वासन,high
908,0,1,0,1,0,0,0,बिछोडको पीडा र पुराना सम्झना,high
910,0,1,0,1,1,0,0,जातपातको विभेदविरुद्ध प्रेमको पीडा,high
911,0,1,0,1,0,0,0,वर्षायामको एक्लोपन र बिछोडको पीडा,high
913,1,0,1,0,0,0,0,सङ्घर्ष र सफलताको आशा,high
917,1,0,1,0,0,0,0,आत्मचिन्तन र जीवनको यथार्थ,high
918,1,0,1,0,0,0,0,स्टोoner जीवनशैलीमा रमाएको प्रेम र मस्ती,high
919,1,1,1,0,0,0,0,जीवनका कठिनाइबिच सकारात्मकता र धूवाँको नशा,high
920,1,1,0,1,0,0,0,जीवनको भुमरी र संघर्षबीच आत्म-स्वीकार,high
921,1,0,1,0,0,0,0,रमाइलो र चिल स्टोनर प्रेमकथा,high
923,1,1,0,0,0,1,0,जिन्दगीको जोखिम र अघि बढ्ने प्रेरणा,high
924,1,1,0,0,0,1,0,अप्ठ्यारो परिस्थितिमा जीवनको लाइभ ज्याकेट खोज्दै,high
925,1,0,1,0,0,0,0,वास्तविक र सरल मायाको प्रतिबद्धता,high
926,1,1,1,0,0,0,0,साइकेडेलिक र्याप र गाँजाको वकालत,high
927,1,1,1,0,1,0,0,आलोचकहरूप्रति कडा प्रहार र ट्रिपी जीवन,high
928,0,1,0,1,0,0,0,जीवनका गहिરા प्रश्न र आन्तरिक शान्ति,high
929,1,0,1,0,0,0,0,टेन्सनमुक्त स्टोनर जीवनको मज्जा,high
930,1,0,1,0,0,0,0,हाँսो र मस्तीले भरिएको प्रेमालाप,high
931,1,1,0,1,0,0,0,दूरीको पीडਾ र मायाको नशा,high
933,1,1,0,1,0,0,0,स्मृति र धुваको नशामा डुबेको प्रेम,high
943,1,0,1,0,0,0,0,मोहनी रूपले मन चोर्नेप्रतिको आकर्षण,high
947,1,0,1,0,0,0,0,सपनीमा देखिएकी मायालुको खोजी,high
952,1,0,1,0,0,0,0,रक एण्ड रोल संगीतको उन्माद,high
954,0,1,0,1,0,0,1,आफैंसँगको संघर्ष र अस्तित्वको शून्यता,high
960,0,1,0,1,0,0,0,एकान्त र अधुरो प्रेमको पीडा,high
961,0,1,0,1,0,0,0,टुटेको मुटु र बिछोडको पीडा,high
962,0,1,0,1,0,0,0,"साँझको बेला प्रिय, सम्झना र अन्धकार",high
964,1,0,1,0,0,0,0,पुरानो स्कुलको प्रेम सम्झँदा लाग्ने लाज र हाँसो,high
969,1,0,1,0,0,0,0,स्कुल जीवनको बागी र रमाइलो सम्झना,high
975,0,1,0,0,1,0,0, आधुनिक पिँढी र समाजप्रतिको व्यङ्ग्य,high
979,1,1,1,0,0,0,0,आधुनिक फेसन र रमाइलो सामाजिक व्यङ्ग्य,high
982,0,1,0,1,0,0,0,प्रिय बिना अधुरो जीवनको महसुस,high
983,0,1,0,1,0,0,0,बिछोडको गहिरो पीडा र सम्झना,high
1004,1,0,1,0,0,0,0,रमाइलो लोक लयमा प्रेमको उत्सव,high
1005,0,1,0,1,0,0,0,विश्वासघात र पैसाको संसारप्रतिको गुनासो,high
1006,1,0,1,0,0,0,0,नयाँ प्रेमको मीठो आभास र उमङ्ग,high
1029,1,1,0,1,0,0,0,प्रियपात्रको वियोग र सम्झनाको पीडा,high
1035,0,1,0,1,0,0,0,मनको कुरा व्यक्त गर्न नसक्नुको छटपटी,high
1042,1,0,1,0,0,0,0,माया र सँगै बिताउने सुनौलो सपना,high
1063,1,0,1,0,0,0,0,प्रेममा पाइएको गाढा खुसी र उल्लास,high
1078,1,1,1,0,0,0,0,मिलनको चाहना र पिरतीको रमाइलो,medium
1080,0,1,0,1,0,0,0,मायालुको तीव्र सम्झना र भेट नहुने पीर,high
1081,0,1,0,1,0,0,0,प्रियको प्रतीक्षामा तडपिएको एक्लो मन,high
1082,1,1,1,0,0,0,0,प्रेममा हुने खटपट र रमाइलो नोकझोँक,medium
1083,0,1,0,1,0,0,0,जिन्दगीको कठोर पीडा र रुवावासी,high
1102,1,0,1,0,0,0,0,वीर गोर्खाली र नेपालप्रतिको गर्व,high
1105,1,0,1,0,0,0,0,प्रेमीको नजरको आकर्षण र रोमान्टिक उल्लास,high
1106,1,0,1,0,0,0,0,आँखा जुधाएर बसेको प्रेममय रोमान्स,high
1121,1,0,1,0,0,0,0,न्यानो घर र सुन्दर भविष्यको कल्पना,high
1128,1,0,1,0,0,0,0,संगीसँग भविष्यको घर बसाउने रमाइलो कल्पना,high
1131,0,1,0,1,0,0,0,टुटेको मुटु र दुई किनारजस्तो दूरीको पीडा,high
1148,1,0,1,0,0,0,0,सँगै हुने र सिउँदो भर्ने रमाइलो कल्पना,high
1149,1,0,1,0,0,0,0,मुक्त मन र खुसीको उल्लासमय अभिव्यक्ति,high
1152,0,1,0,1,0,0,0,टाढा रहेको मायालुको खोजीमा छट्पटी,medium
1156,1,1,0,0,0,0,0,दोधार मन र प्रियपात्रप्रतिको गहिरो आकर्षण,medium
1159,0,1,0,0,1,0,0,संसारको लोभ र नाटकबाट टाढै बस्ने विद्रोही सोच,medium
1169,1,0,1,0,0,0,0,गाउँको मेलामा भेट र प्रेमको रमाइलो,high
1170,1,0,1,0,0,0,0,आत्मविश्वास र आफ्नै पाराको रमाइलो घमण्ड,high
1180,0,1,0,0,1,0,0,विरोधीलाई कडा जवाफ र नाच्ने चुनौती,high
1184,0,1,0,1,0,0,0, मिल्ने साथीसँगको दूरी र मनको पीडा,high
1204,1,0,1,0,0,0,0,प्रियपात्रको साथमा बिताउने सुन्दर समय,high
1238,1,0,1,0,0,0,0,मिलनको चाहना र रमाइलो प्रेमिल ठट्टा,high
1243,0,1,0,1,0,0,0,प्रेममा धोका पाएकी अभागीको रुवावासी,high
1244,1,0,1,0,0,0,0,ढाका टोपी र सारीको सौन्दर्यको तारिफ,high
1245,0,1,0,1,1,0,0,धोकेबाज प्रेमीप्रतिको रोदन र आक्रोश,high
1247,1,1,0,0,0,0,0,मायामा पारेर पछि हटेको देख्दाको गुनासो,medium
1248,0,1,0,1,0,0,0,प्रियको पत्थरमुटु र धोकाको पीडा,high
1249,0,1,0,1,0,0,0,स्मृतिले रुवाएको एक्लोपन र धोका,high
1250,0,1,0,1,0,0,0,धोकेबाजको यादमा बगेका आँसु,high
1251,0,1,0,1,0,0,1,असह्य धोका र विष पिउने चाहना,high
1252,1,0,1,0,0,0,0,जुनीजुनीभर सँगै रहने समर्पण,high
1254,1,0,1,0,0,0,0,सधैँ साथमा रहने अगाध प्रेम,high
1259,1,0,1,0,0,0,0,प्रेमीको आगमनको λαंसा र चाहना,high
1261,1,0,1,0,0,0,0,जीवनमा नयाँ प्रेमको उल्लास,high
1263,1,0,1,0,0,0,0,प्रेमीको सम्झना र आत्मिक निकटता,high
1264,1,0,1,0,0,0,0,सुस्तरी आएको प्रेम र खुसी,high
1270,1,0,1,0,0,0,0,अचानक भेट हुँदाको खुशी र माया,high
1271,1,0,1,0,0,0,0,सुखदुःखमा सँगै बाँच्ने रोमान्टिक बाचा,high
1272,1,0,1,0,0,0,0,मायालुसँगको रमाइलो मिलनको चाहना,high
1273,1,0,1,0,0,0,0,मुटुभरि छाइरहेको चोखो माया,high
1282,0,1,0,1,0,0,0,अधुरो प्रेम र बिछोडको पीडा,high
1283,1,0,1,0,0,0,0,नजिकिन खोज्ने चञ्चल प्रेम,medium
1285,1,1,0,1,0,0,0,मायाको उतारचढाव र अनिश्चितता,medium
1286,1,0,1,0,0,0,0,रिसाएकी प्रेमिकालाई फकाउने रमाइलो खेल,high
1294,0,1,0,1,0,0,0,एकतर्फी प्रेमको छटपटी र बेचैनी,high
1406,1,0,1,0,0,0,0,प्रेममा पर्न लागेको उत्साह,high
1409,1,0,0,0,0,0,0,सुखदुःखमा सँगै रहने भावना,medium
1410,0,1,0,1,0,0,0,पुरानो प्रेम र आँसुको सम्झना,high
1413,1,0,1,0,0,0,0,सौन्दर्यको प्रशंसा र प्रगाढ प्रेम,high
1414,1,0,0,0,0,0,0,मध्यमवर्गीय जीवनको संघर्ष र आत्मबल,high
1416,0,1,0,1,0,0,0,उपेक्षित प्रेमको पीडा र फर्किने आह्वान,high
1417,0,1,0,1,1,0,0,बालबालिकाको समस्या र सामाजिक विसंगति,high
1418,0,1,0,0,1,0,0,विद्रोही र अनियन्त्रित जीवनशैली,high
1419,0,1,0,0,1,0,0,राजनीतिक झुट र बेथितिको विरोध,high
1420,1,0,1,0,0,0,0,रमाइलो प्रेमिल वातावरण र निम्तो,high
1421,0,1,0,1,0,0,0,निष्ठुर मायालुको सम्झनामा रुनुपरेको पीडा,high
1431,0,1,0,1,0,0,0,"अपराध, यात्रा र पश्चात्तापको पीडा",high
1432,1,0,1,0,0,0,0,स्वतन्त्रता र जीवनको आनन्द,high
1439,1,0,1,0,0,0,0,गहिरो प्रेम र खुसीको उल्लास,high
1442,1,0,1,0,0,0,0,सपनाजस्तै मिठो माया र साथको चाहना,high
1443,1,0,1,0,0,0,0,रातभरको रोमान्स र प्रेमको नशा,high
1444,1,0,1,0,0,0,0,चंचल माया र रमाइलो प्रेम सम्बन्ध,high
1445,1,0,1,0,0,0,0,चंचल माया र रमाइलो प्रेम सम्बन्ध,high
1463,1,0,1,0,0,0,0,मायाको जालमा फसेको खुसी,high
1465,1,0,1,0,0,0,0,यौवन र पिरतीको रमाइलो खेल,high
1472,0,1,0,1,1,0,0,टुटेको विश्वास र धोकाको क्रोध,high
1473,1,0,1,0,0,0,0,पारम्परिक माया र उमंग,high
1481,1,0,1,0,0,0,0,चोखो माया र रमाइलो पिरती,high
1498,0,1,0,1,1,0,0,पैसा मोह र धोकाको पीडा,high
1508,1,0,1,0,0,0,0,हवामा उडेको मनको उमंग,medium
1509,1,0,0,0,0,0,0,मायालुलाई मनाउने मीठो प्रयास,high
1512,1,0,1,0,0,0,0,बादलुको देशमा रमाइलो प्रेम यात्रा,high
1513,1,0,1,0,0,0,0,सौन्दर्यको प्रशंसा र प्रगाढ प्रेम,high
1515,1,0,1,0,0,0,0,प्रेमको खुसी र रमाइलो ठट्टा,high
1516,1,0,1,0,0,0,0,साथ र जीवन बिताउने प्रतिज्ञा,high
1521,1,0,1,0,0,0,0,लोभी नजर र रोमान्टिक छेकान,high
1523,0,1,0,1,0,0,0,घरबाट टाढा हुँदाको एक्लोपन,high
1531,1,0,1,0,0,0,0,पार्टी र भेटघाटको उमंग,medium
1536,0,1,0,1,0,0,0,अतितको सम्झना र वियोगको पीडा,high
1540,0,1,0,1,0,0,0,अतितको सम्झना र वियोगको पीडा,high
1546,1,0,1,0,0,0,0,रुमाल बाटेर साट्ने चोखो माया,high
1548,0,1,0,1,0,0,0,गल्तीको पश्चात्ताप र वियोगको आँसु,high
1556,1,0,1,0,0,0,0,पार्टी र रमाइलो जीवनको शैली,high
1557,1,0,1,0,0,0,0,रक्सीको नशा र रमाइलो पार्टी,high
1558,0,1,0,0,1,0,0,प्रेममा ढिलाइ र झैझगडाको गुनासो,high
1568,1,0,1,0,0,0,0,फ्यासन शोको रमाइलो र आकर्षण,high
1570,1,0,1,0,0,0,0,प्रकृतिसँग रम्दै एक्लै घुम्ने स्वतन्त्रताको आनन्द,high
1573,1,0,1,0,0,0,0,प्रेमिकाको चुलबुले बानीमा मोहित भएको मन,high
1574,1,0,0,0,0,0,0,चोखो माया र सँगै बाँच्ने चाहना,high
1576,0,1,0,1,1,0,0,"युद्धको पीडा, शहिदहरूको सम्झना र बरुदको गन्ध",high
1589,1,0,1,0,0,0,0,प्रकृतिका रङ्गमा रमाउँदै उड्न खोज्ने मन,high
1590,1,0,0,0,0,0,0,मायालुसँगको सामीप्य र मिठा कुराहरूको चाहना,high
1594,0,1,0,1,0,0,0,"प्रेममा धोका र प्रिय, तिम्रो खुसीका लागि रोएको मन",high
1603,1,0,0,0,0,0,0,प्रियको प्रतीक्षा र भेट्ने λαунको बेचैनी,high
1608,1,1,0,0,0,0,0,बिर्सिन खोज्दा पनि मन नमान्ने असमर्थता,high
1609,1,0,0,0,0,0,0,रातभर प्रियको सम्झनामा छटपटाइने पल,high
1618,1,1,0,1,0,0,0,अधुरो सपना र टुटेको मायाको सम्झना,high
1625,1,0,0,0,0,0,0,टाढा भए पनि सधैँ माया गरिरहने बाचा,high
1628,1,0,1,0,0,0,0,प्रेमको न्यानोपन र अर्को जन्मको बाचा,high
1636,1,0,1,0,0,0,0,नयाँ मायाको उमङ्ग र रमाइलो दोहोरी,high
1637,0,1,0,1,0,0,0,गहिरो माया र मनमा गढिरहने पीडा,high
1641,0,1,0,1,0,0,0,पूर्वप्रेमीको सम्झना र अब भेट नहुने यथार्थ,high
1652,1,0,1,0,0,0,0,ससुरालीमा सालीप्रतिको ठट्टा र रमाइलो आकर्षण,high
1653,1,0,1,0,0,0,0,बटुलीको सम्झनामा रम्दै गरेको खुसी मन,high
1655,1,1,0,0,0,1,0,मायाको सौन्दर्यसँगै हराउने डर र अनिश्चितता,high
1671,1,0,1,0,0,0,0,पहिलो मायाको गहिरो प्रभाव र खुसीको सपना,high
1672,0,1,0,1,0,0,0,तस्बिर हेर्दै रात कटाउनुपर्ने एक्लोपन र रुवावासी,high
1679,1,1,0,1,1,0,0,प्रेममा धोका पाएपछिको आक्रोश र व्यङ्ग्य,high
1690,0,1,0,1,0,0,0,विश्वास गुमेको आशंकामा माफी माग्दै गरेको मन,high
1693,1,1,0,1,0,0,0,एकान्तको पीडା र प्रेमको अमूल्य महसुस,high
1709,1,0,1,0,0,0,0,रोधीमा रमाइलो गर्दै नाचगान गर्ने उमङ्ग,high
1714,1,0,0,0,0,0,0,लुकीचोरी माया प्रेमका मिठा कुराहरू,high
1734,1,0,1,0,0,0,0,ऐनामा आफ्नो रूप देखेर मख्ख परेको मन,high
1735,1,0,1,0,0,0,0,प्रियको सफलतामा गौरवान्वित र खुसी भएको मन,high
1745,0,1,0,1,0,0,0,मृत्युको यथार्थ र जीवनको विडम्बना,high
1753,1,0,1,0,0,0,0,मायालुको फोटो मागेर रमाइलो गर्ने जोडीको प्रेम,high
1755,1,0,1,0,0,0,0,रमाइलो दोहोरी गीत र प्रेमको उल्लास,high
1766,1,0,1,0,0,0,0,प्रेमको गाढा नशा र मनमोहक कल्पना,high
1770,0,1,0,1,0,0,0,अधुरो प्रेमको पीडा र एक्लोपन,high
1778,1,0,1,0,0,0,0,पहिलो प्रेमको उल्लास र प्रशंसा,high
1782,1,0,1,0,0,0,0,सुखदुःखमा सँगै रहने प्रतिबद्धता,high
1786,1,0,1,0,0,0,0,पार्टी र मस्तीको रमाइलो माहोल,medium
1787,1,0,1,0,0,0,0,नयाँ वर्षको शुभकामना र रमाइलो जमघट,high
1788,1,0,1,0,0,0,0,मायालुसँगको रमाइलो भेटघाट,high
1791,1,0,1,0,0,0,0,वर्षाको मौसममा प्रस्फुटन भएको प्रेम,high
1800,1,1,0,1,0,0,0,सालको पातको टपरी जस्तो लोकभाकाको प्रेम व्यथा,high
1806,0,1,0,0,1,0,0,मायालुको झैझगडा र रिसाउने बानी,medium
1834,0,1,0,1,0,0,1,आफैंभित्र अलमलिनिएको जीवनको रिक्तता र निराशा,high
1845,0,1,0,1,0,0,0,प्रेमिकासँगको बोलचाल बन्द हुँदाको छटपटी,high
1847,0,1,0,0,1,0,0,नेपाली हिप-हपको बाटो र तिखो व्यङ्ग्य,high
1850,0,1,0,0,1,0,0,युवावस्थाको रफूचक्कर र असभ्य अनुभवको बयान,high
1851,1,0,1,0,0,0,0,लोकलयमा गाएको चञ्चल प्रेममय गीत,high
1861,1,0,1,0,0,0,0,संगीतले प्रदान गर्ने आनन्द र शान्ति,high
1862,0,1,0,0,1,0,0,राजनीतिक विकृतिप्रति आक्रोश र असन्तुष्टि,high
1863,1,0,0,0,0,0,0,भविष्यप्रतिको आशा र युवासँगको एकता,high
1866,1,0,1,0,0,0,0,लक्ष्य प्राप्तिको लागि एक्लै संघर्ष गर्ने अठोट,high
1872,1,0,1,0,0,0,0,खाजा खाँदै यात्रा गर्ने रमाइलो पल,high
1880,1,0,1,0,0,0,0,मायालुलाई देखेर खुसी हुने मुटु,high
1884,1,0,1,0,0,0,0,स्कुल जीवनको बाल्यकालको मीठो प्रेमस्मृति,high
1886,0,1,0,0,1,0,0,आलोचकहरूप्रतिको आक्रामक र कडा प्रहार,high
1887,0,1,0,0,1,0,0,शत्रुहरूप्रतिको कडा आक्रोशपूर्ण र्याप,high
1891,0,1,0,0,1,0,0,प्रतिद्वन्द्वी र्यापरहरूलाई व्यङ्ग्य र चुनौती,high
1892,1,0,0,0,0,0,0,आफ्नै क्षमतामा गर्व र आत्मविश्वास,high
1893,0,1,0,0,1,0,0,क्रोध र आक्रामक शैलीको दस टाउके र्याप,high
1894,1,0,0,0,0,0,0,सफलता र संघर्षको आफ्नै कथा,high
1899,1,0,1,0,0,0,0,वर्षाको समयमा नाचगान र प्रेमको उमङ्ग,high
1903,1,0,0,0,0,0,0,अगाध माया र समर्पणको भावना,high
1905,1,0,0,0,0,0,0,साथ र मायाको चाहना,high
1907,1,0,0,0,0,0,0,आत्मविश्वास र आफ्नै धुनमा रमाइलो,high
1908,1,1,0,0,0,0,0,माया र र्‍यापप्रतिको असहमतिको द्वन्द्व,medium
1909,0,1,0,1,0,0,0,अधुरो प्रेम र बिछोडको पीडा,high
1910,0,1,0,1,0,0,0,विछोडको पीडामा नशाको सहारा,high
1911,1,0,1,0,0,0,0,चिया र रमाइलो प्रेमिल क्षण,high
1912,1,0,0,0,0,0,0,प्रेमको यादले मन आकुल,high
1913,1,0,0,0,0,0,0,कल्पनाको सुन्दर र शान्त प्रेम संसार,high
1958,0,1,0,1,0,0,0,साथी बिनाको अधुरो जीवन र बिछोडको पीडा,high
1960,1,0,1,0,0,0,0,फूलफुट्टे मौसम र रोमान्टिक आकर्षण,high
1973,1,0,1,0,0,0,0,आत्मविश्वास र साङ्गीतिक सफलताको उल्लास,high
1997,0,1,0,1,0,0,0,लागुपदार्थ र गलत संगतमा बिग्रिएको जीवन,high
2002,1,0,1,0,0,0,0,पुकुली मायाको सम्झनामा रमाइलो,high
2004,0,1,0,1,0,0,0,आँसु र एक्लोपनको पीडా,high
2007,0,1,0,1,0,0,0,विश्वासघात र विछोडको गहिरो पीडा,high
2008,0,1,0,0,1,0,0,स्वाभिमान र सम्बन्धको अडान,high
2012,1,0,1,0,0,0,0,प्रेम र ठट्टाको रमाइलो माहोल,high
2013,1,0,0,0,0,0,0,सांस्कृतिक र पारंपरिक गायन,medium
2016,1,0,1,0,0,0,0,जाले रुमाल र प्रेमको निवेदन,high
2025,1,0,0,0,0,0,0,साथ र मायाको समर्पण,high
2029,1,0,0,0,0,0,0,टाढा हुँदाको सम्झना र प्रेम,high
2035,1,0,1,0,0,0,0,युवा जोश र ठट्टाको रमाइलो दोहोरी,high
2040,1,0,1,0,0,0,0,जुनेली रातमा नाचगान र खुसी,high
2044,1,0,1,0,0,0,0,उत्साह र युवा प्रेमको उमङ्ग,high
2054,1,0,1,0,0,0,0,मेलापातको रमाइलो र जिस्कने माहोल,high
2105,1,0,0,0,0,0,0,निःस्वार्थ प्रेम र समर्पण,high
2106,1,0,1,0,0,0,0,वसंत जस्तै फुलिरहेको प्रेम,high
2108,0,1,0,1,0,0,0,पछुतो र एक्लोपनको पीडा,high
2109,1,0,1,0,0,0,0,नशालु नजर र रमाइलो आकर्षण,high
2110,1,0,1,0,0,0,0,सफलता र धनको उल्लास,high
2113,1,0,1,0,0,0,0,माया र सफलताको खुसियाली,high
2230,0,1,0,1,0,0,0,प्रियसीका यादले भरिएको पीडादायी मुटु,high
2240,0,1,0,1,0,0,0,मृत्यु र वियोगको गहिरो शोक,high
2280,0,0,0,0,0,0,0,भावना व्यक्त गर्न नसक्ने संकोच,high
2288,1,0,1,0,0,0,0,नेपाली पहिचान र राष्ट्रिय गौरव,high
2291,1,0,0,0,0,0,0,मौनतामा लुकेको गहिरो माया,high
2295,0,1,0,1,0,0,0,बिछोडको पीडਾ र एक्लोपन,high
2296,1,0,1,0,0,0,0,प्रेमीप्रतिको गहिरो समर्पण र खुसी,high
2306,1,0,0,0,0,0,0,अव्यक्त मायाको तीव्र चाहना,high
2307,0,1,0,1,1,0,0,फोन नउठाउँदाको छटपटी र गुनासो,high
2308,0,1,0,1,0,0,0,प्रेममा धोका र शंकाको व्यथा,high
2312,1,0,1,0,0,0,0,पहिलो नजरको माया र छटपटी,high
2316,1,0,1,0,0,0,0,पहिलो भेटको रमाइलो र उत्साह,high
2317,1,0,1,0,0,0,0,पहिलो भेटको मीठो सम्झना र खुसी,high
2330,0,1,0,0,1,0,0,समाजको विसंगतिप्रति असन्तुष्टि र क्रोध,high
2342,0,1,0,1,0,0,0,विपत्तिमा परेको साथीप्रतिको सहानुभूति,high
2346,0,1,0,1,0,0,0,दुःखी साथीलाई दिने सान्त्वना,high
2348,1,0,1,0,0,0,0,रमाइलो होलीको उल्लास र मस्ती,high
2349,0,1,0,1,0,0,0,तिम्रो सम्झनामा बगेका आँसु,high
2364,1,0,1,0,0,0,0,मायाको मिठो भावना र उत्सव,medium
2376,1,0,1,0,0,0,0,संयोगको भेट र प्रेमको खुसी,high
2384,0,1,0,1,0,0,0,माया गर्ने बानीले निम्त्याएको पीडा,high
2409,0,1,0,1,0,0,0,बिछोडको पीडा र तिम्रो सम्झना,high
2410,0,1,0,1,0,0,0,मायालु टाढा हुँदाको तड़प,high
2411,1,0,0,1,0,0,0,गहिरो प्रेम र तिम्रो साथको चाहना,high
2412,1,0,1,0,0,0,0,पार्टीको रमाइलो र नाचगान,high
2413,1,0,1,0,0,0,0,तिमीसँगै रहने चोखो मायाको खुसी,high
2417,1,0,1,0,0,0,0,मायालुसँगको रमाइलो ठट्टा र प्रेम,high
2418,1,0,1,0,0,0,0,जीवनमा मायालुको आगमनको खुसी,high
2422,1,0,0,0,0,0,0,प्रेमीको आगमन र सामीप्यको चाहना,high
2426,1,0,1,0,0,0,0,प्रेम र रमाइलो मौसमको उल्लास,medium
2431,1,1,0,1,0,0,0,अपरिचित मायालुको तड्पाइ र गहिरो चाहना,high
2432,1,0,1,0,0,0,0,फूली र आकर्षक युवतीप्रतिको आकर्षण,high
2435,0,1,0,1,0,0,0,अपेक्षाकृत प्रेममा धोका र पीडा,high
2438,1,0,0,0,0,0,0,पूर्णिमाको रातमा प्रेमको सामीप्य,high
2440,1,0,1,0,0,0,0,सुन्दर युवतीको सौन्दर्य र प्रसंसा,high
2441,1,1,0,1,0,0,0,चोखो माया र पर्खाइको व्याकुलता,high
2446,1,1,0,1,0,0,0,परदेसिन लाग्दाको विछोड र आँसु,high
2450,1,0,1,0,0,0,0,हंसमुख र चञ्चल पिरतीको कुरा,high
2452,1,1,0,1,0,0,0,मायाको समर्पण र टाढिनुपर्दाको पीडा,high
2453,0,1,0,1,0,0,0,मुग्लातिर जाँदाको विछोड र रुवाबासी,high
2455,1,1,0,1,0,0,0,lahor (lahure) जाने व्यक्तिको विछोड र रुवाइ,high
2456,1,0,1,0,0,0,0,रमाइलो र चञ्चल माया पिरती,high
2457,1,0,1,0,0,0,0,मन पराएको कुरा लुकाउने र जिस्कने माया,high
2479,1,0,1,0,0,0,0,स्थिर र खुसीपूर्ण प्रेमको अभिव्यक्ति,high
2488,1,0,1,0,0,0,0,जुनीभरि सँगै बस्ने मीठो कल्पना,high
2493,0,1,0,1,0,0,0,अधुरो माया र भित्रिएको घाउको पीडा,high
2511,1,0,0,0,0,0,0,सात जुनीको प्रतिज्ञा र चोखो प्रेम,high
2516,0,1,0,1,0,0,0,मृत्युभन्दा गाह्रो माया मार्न नसक्नु,high
2526,0,1,0,1,0,0,0,पुरानो पीडादायी प्रेमलाई फेरि नदोहोर्याउने जिद्दी,high
2534,0,1,0,1,0,0,0,एक्लोपन र जीवनको कठिन यथार्थ,medium
2536,1,0,1,0,0,0,0,सौन्दर्यको प्रशंसा र रोमाञ्चक आकर्षण,high
2542,0,1,0,1,0,0,0,अधुरा बाचा र मनमा रहेको पीडा,high
2547,0,1,0,1,0,0,0,सपनामा भेट्ने आश र विरहको भावना,high
2550,1,0,1,0,0,0,0,विशेष मान्छेलाई भेट्दाको खुसी र उमंग,high
2551,1,0,1,0,0,0,0,पहिलो नजरको प्रेम र प्रफुल्लित मन,high
2552,0,1,0,1,0,0,0,प्रेममा धोका पाउँदाको चरम निराशा र रुवाइ,high
2554,1,0,0,0,0,0,0,चोखो माया र सधैं सँगै रहने कसम,high
2555,0,1,0,1,0,0,0,मायामा पाएको धोका र तड्पाइ,high
2557,1,0,0,0,0,0,0,गहिरो प्रेम र समर्पण,high
2558,1,0,0,0,0,0,0,तिम्रो बिना अधुरो जीवनको आभास,high
2559,1,0,0,0,0,0,0,रिसाउँदा पनि लाग्ने अनमोल माया,high
2567,1,0,1,0,0,0,0,मायाको नयाँ पालुवा र खुसी,high
2568,1,1,0,0,0,1,0,मायामा देखिने डर र मोह,medium
2572,0,1,0,1,0,0,0,छोडेर जानेको सम्झनामा रुझेको मन,high
2612,1,1,0,1,0,0,0,प्रिय बिनाको एक्लोपन र डर,high
2613,0,1,0,1,1,0,0,धोकेबाज प्रेमीप्रति आक्रोश र पीडा,high
2614,0,1,0,1,0,0,0,टुटेको बाचा र आशुले भिजेको मन,high
2616,0,1,0,1,1,0,0,अन्यायपूर्ण सम्बन्धको पीडा र गुनासो,high
2618,0,1,0,0,1,0,0,संघर्षपूर्ण जीवन र गरी खाने माग,high
2619,0,1,0,1,1,0,0,घाइते मुटु लिएर बाँच्नुपर्ने विवशता,high
2622,0,1,0,1,0,0,0,धोका पाएपछि बिर्सन खोज्दाको छटपटी,high
2623,0,1,0,1,1,0,0,खोटिएको भाग्य र धोकाको पीडा,high
2624,0,1,0,1,0,0,0,गुमाएको खुसी र सम्झनाको पागलपन,high
2630,0,1,0,1,1,0,0,मायामा व्यापार भएकोमा आक्रोश र बेथिति,high
2631,0,1,0,0,1,0,0,स्वार्थी प्रेमीको नाटकविरुद्धको आक्रोश,high
2632,0,1,0,1,0,0,0,अधुरो रोजाइ र झुटा बाचाको पछुतो,high
2636,0,1,0,1,0,0,0,भाग्यमा नलेखिएको मायाको बिछोड,high
2638,1,0,1,0,0,0,0,लुकामारीको रमाइलो पिरती,medium
2639,1,0,1,0,0,0,0,पहिलो भेटको रमाइलो आकर्षण,high
2649,1,0,0,0,0,0,0,नबिर्सिने हितैको मायाको सम्झना,high
2650,1,0,1,0,0,0,0,बैँसको बेलाको चोखो माया,high
2651,1,1,0,1,0,1,0,प्रकृतिको बाधा र मायाको पिरलो,medium
2652,0,1,0,1,0,0,0,टाढिँदै गएको सानुमायाको सम्झना,medium
2653,0,1,0,1,0,0,0,धोका दिने लाहुरे प्रेमीप्रति गुनासो,high
2655,0,1,0,1,0,0,0,दुखाइरहने मायाको मैझारो,high
2662,0,1,0,1,0,0,0,तिम्रो बिना अधुरো जिन्दगीको छटपटी,high
2665,0,1,0,1,0,0,0,हराएको प्रेमीलाई खोज्दै गरेको पीडा,high
2668,1,0,0,0,0,0,0,सधैँ साथमा रहने मायाको चाहना,high
2669,1,0,0,0,0,0,0,सँगै बाँच्ने र मर्ने गहिरो प्रेमको प्रतिवद्धता,high
2670,1,0,0,0,0,0,0,अनन्य माया र आजीवन साथको वाचा,high
2671,1,0,0,0,0,0,0,प्रिय पात्रको सम्झनामा हराएको मन,high
2675,1,0,0,0,0,0,0,प्रियतमसँगको अटुट साथ र साँचो प्रेम,high
2677,1,0,1,0,0,0,0,सँगै हुँदाको उल्लास र खुसी,high
2678,1,0,0,0,0,0,0,मुटुमा बसेको मीठो माया र समर्पण,high
2682,0,1,0,1,0,0,0,प्रियजनको वियोग र जीवनको पीडा,high
2707,1,0,0,0,0,0,0,सँगै ज्युने मर्ने अटल संकल्प,high
2708,1,0,0,0,0,0,0,सफलताको यात्रातर्फ दृढ अगाडि बढ्ने उत्साह,high
2709,0,1,0,1,0,0,0,मायामा आएको दुरी र एक्लोपनको पीडा,high
2727,0,1,0,1,0,0,0,अतीतको सम्झना र खेर गएको परिश्रमको दुःख,high
2730,0,1,0,1,0,0,0,बिछोडपछिको अझै नमेटिएको गहिरो माया,high
2732,1,1,0,1,0,0,0,एклоपनको नरमाइलो र पिरतीको याद,high
2744,1,0,0,0,0,0,0,सँगै बाँच्ने र मर्ने गहिरो प्रेम,high
2745,1,0,0,0,0,0,0,अनन्य माया र आजीवन साथको वाचा,high
2746,1,0,1,0,0,0,0,चोखो माया र मिलनको मीठो खुसी,high
2747,1,0,0,0,0,0,0,प्रेममा जित हासिल गर्ने आत्मविश्वास,high
2748,0,1,0,0,1,0,0,पैसा सापटी दिएर धोका पाएको गुनासो,high
2756,1,0,0,0,0,0,0,प्राणभन्दा प्यारो मान्छेप्रति गहिरो समर्पण,high
2758,0,1,0,1,0,0,0,मनमा उकुसमुकुस र द्विविधाको पीडा,high
2768,1,0,1,0,0,0,0,गाउँले परिवेशमा मौलाएको चोखो पिरती,high
2770,0,1,0,1,0,0,0,परदेशी जीवनको पीडा र भारी मन,high
2774,1,0,1,0,0,0,0,रमाइलो ठट्टा र उल्लासपूर्ण वातावरण,high
2775,1,0,1,0,0,0,0,सांस्कृतिक उत्सव र रमाइलो प्रेमिल संवाद,high
2777,1,0,0,0,0,0,0,यौवन र पिरतीको चञ्चल प्रेमिल चेतावनी,high
2778,1,0,1,0,0,0,0,रमाइलो ठट्टा र मायालु गफगाफ,high
2780,1,0,1,0,0,0,0,मिलनको आतुरता र खुसीको पिरती,high
2781,1,1,0,0,0,0,0,पैसा नभएपनि चोखो मायाको विश्वास,high
2782,1,0,0,0,0,0,0,यौवन र पिरतीको चञ्चल प्रेमिल संवाद,high
2783,1,0,1,0,0,0,0,सिक्किमको सडकमा साटिएको चोखो मायाको उल्लास,high
2784,1,1,0,1,0,0,0,पिरतीको खेल र धोकाको शंका,high
2786,1,0,1,0,0,0,0,रमाइलो भेटघाट र मायाको चिनो,high
2801,0,1,0,1,1,0,0,अविश्वसनीट प्रेम र तुटिएको सम्बन्ध,high
2802,1,0,1,0,0,0,0,अटल माया र अनन्त खुसीको वाचा,high
2803,1,0,1,0,0,0,0,गहिरो प्रेम र सँगै बाँच्ने चाहना,high
2809,0,1,0,1,0,0,0,अधुरो माया र एक्लोपनको पीडा,high
2813,1,0,1,0,0,0,0,गाउँघरको प्रेम र रमाइलो पिरती,high
2860,0,1,0,1,1,0,0,भाग्यप्रतिको गुनासो र जीवनको पीडा,high
2866,1,0,1,0,0,0,0,देश निर्माणका लागि युवाहरूको उत्साह,high
2874,0,1,0,0,1,0,0,संघर्ष र आत्मसम्मानको चेतावनी,high
2890,1,0,1,0,0,0,0,प्रिय पात्रसँगको भेटको उमंग,high
2892,0,1,0,1,0,0,0,गरीबी र त्यागले भरिएको प्रेम,high
2895,0,1,0,1,0,0,0,विछोडको पीडा र सम्झनाको भार,high
2896,0,1,0,1,0,0,0,प्रेममा धोका पाएको गहिरो निराशा,high
2900,1,0,1,0,0,0,0,गहिरो प्रेम र नछुटिने वाचा,high
2903,1,0,1,0,0,0,0,गाउँले रोमान्स र चञ्चल पिरती,high
2912,1,0,1,0,0,0,0,आँखाको भाका र चोखो मायाको आनन्द,high
2913,1,0,0,0,0,0,0,मनभरी लुकाएको चोखो प्रेमको कथा,high
2914,0,1,0,1,1,0,0,अधुरो प्रेम र गहिरो प्रताडनाको पीडा,high
2915,1,0,1,0,0,0,0,गाढा रोमान्स र सधैं सँगै बस्ने चाहना,high
2919,1,0,1,0,0,0,0,मौसमसँगै साटिएको रङ्गिन प्रेमको खुसी,high
2925,0,1,0,1,1,0,0,प्रेममा धोका र गुनासोको वेदना,high
2926,1,0,1,0,0,0,0,वर्षाको मौसममा चोखो मायाको अङ्गालो,high
2927,0,1,0,1,0,0,0,बुवाप्रतिको पश्चात्ताप र गहिरो भावुकता,high
2928,0,1,0,1,0,0,0,अल्झिएको माया र मनको त छटपटी,high
2960,1,0,1,0,0,0,0,अन्जानमै बसेको मीठो मायाको मोहनी,high
2962,1,0,0,0,0,0,0,प्रिय मान्छेप्रतिको समर्पित र कोमल प्रेम,high
2967,1,0,1,0,0,0,0,मायाको सागरमा डुब्ने रमाइलो चाहना,high
2988,1,0,1,0,0,0,0,"विद्रोह, नयाँ सुरुवात र आत्मबलको उल्लास",high
2995,1,0,1,0,0,0,0,रोमान्टिक मुड र रमाइलो प्रेमिल वातावरण,high
3002,1,0,1,0,0,0,0,रमाइलो र चञ्चल प्रेमको उल्लास,high
3003,1,1,0,1,0,0,0,सपनाहरूको परिवर्तन र टुटेको मुटुको सम्हाल,high
3004,1,1,0,1,0,0,0,परिवर्तित सपनाहरू र सम्हालिन खोज्ने मन,high
3005,0,1,0,1,0,0,0,पुरानो व्यथा र एक्लोपनको पीडा,high
3029,1,0,1,0,0,0,0,सौन्दर्य र प्रेमको प्रशंसा,high
3035,0,1,0,1,1,0,0,स्वार्थी व्यवहारप्रतिको गुनासो र आक्रोश,high
3037,0,1,1,0,0,0,0,नशा र विद्रोही हिपहप जीवनशैली,high
3038,0,1,0,0,1,0,0,राजनीतिक व्यवस्थाप्रति आक्रोश र क्रान्ति,high
3039,0,1,0,1,1,0,0,मायामा धोका पाएको पीडा र रिस,high
3053,1,0,1,0,0,0,0,पार्टी र आधुनिक रोमान्सको उमंग,medium
3054,0,1,0,0,1,0,0,प्रेममा धोका र अविश्वासको क्रोध,high
3063,1,0,1,0,0,0,0,राजा रानी जस्तो चोखो मायाको संकल्प,high
3069,1,0,1,0,0,0,0,चोखो पिरती गाँस्ने रमाइलो चाहना,high
3099,0,1,0,1,0,0,0,बढ्दो उमेर र बितip गएको जीवनको पछुताउ,high
3108,0,1,0,1,0,0,0,फाटेको मन र टुटेको सम्बन्धको पीडा,high
3111,1,0,0,0,0,0,0,प्रेमीको सम्झनामा समेटिएको कोमल भावना,high
3124,0,1,0,1,0,0,0,अधुरो माया र धोका पाएको तडप,high
3125,0,1,0,1,0,0,0,परिवर्तन भएको भाग्य र खस्किएको जीवनको व्यथा,high
3126,0,1,0,1,0,0,0,अविश्वसनीय प्रेममा रुनुपरेको पीडा,high
3127,1,0,1,0,0,0,0,गाढा माया र एकअर्काप्रतिको समर्पण,high
3128,0,1,0,1,0,0,0,मायाको रोगले च्यापेको व्याकुल मन,high
3130,0,1,0,1,0,0,0,प्रेममा बर्बाद भएर पागलपनको स्थिति,high
3132,0,1,0,1,0,0,0,जीवनका दागहरू र भित्री वेदनाको अभिव्यक्ति,high
3136,0,1,0,1,0,0,0,छल र धोकापूर्ण सम्बन्धको पीडਾ,high
3142,1,0,1,0,0,0,0,रमाइलो ठट्टा र चञ्चल प्रेमको भाव,high
3143,0,1,0,1,1,0,0,देशको बिग्रदो स्थिति र मायाको बिछोड,medium
3144,1,0,1,0,0,0,0,रमाइलो ठट्टा र रोमान्टिक प्रस्ताव,high
3145,1,0,1,0,0,0,0,अग्लो प्रेम र छुट्टै दुनियाँको कल्पना,high
3146,1,0,1,0,0,0,0,जीवन यात्रा र प्रेमको खुसीको ताल,high
3148,1,0,0,0,0,0,0,अध्यारोमा उज्यालो बनेको चोखो माया,high
3163,0,1,0,1,0,0,0,परिस्थितिको कठोरता र पिरतीको पीडा,high
3180,1,0,1,0,0,0,0,रमाइलो ठट्टा र प्रेमको उमङ्ग,high
3205,1,0,1,0,0,0,0,साथ र मायाको मिठास,high
3209,1,0,0,0,0,0,0,प्रेमको गहिरो सोच र तड्पाइ,high
3214,0,0,0,0,0,0,0,अभाव र सन्तोषको बेपरवाह जीवन,high
3216,1,0,1,0,0,0,0,प्रेम र जीवनसाथीप्रतिको समर्पण,high
3218,1,0,1,0,0,0,0,मायाको रंग र आपसी समर्पण,high
3219,0,1,0,1,0,0,0,अस्थिरता र असफलताको भाव,high
3221,0,1,0,1,0,0,0,खोजी र वियोगको व्यथा,high
3228,1,0,0,0,0,0,0,सधैंभरिको अटुट माया र साथ,high
3233,1,1,1,1,0,0,0,घुमघाम र मायालुको पिर,medium
3238,1,0,1,0,0,0,0,अटुट प्रेम र समर्पणको वाचा,high
3249,1,0,1,0,0,0,0,मिलनको उमङ्ग र रमाइलो क्षण,high
3251,1,0,1,0,0,0,0,हँसिलो स्वभाव र प्रेमको प्रस्ताव,high
3274,1,0,1,0,0,0,0,चटपटी र प्रेमिल जोश,high
3277,1,1,0,1,0,0,0,विछोड र पुनर्मिलनको आशा,medium
3280,1,0,1,0,0,0,0,सोल्टी बजारको रमाइलो भेट र प्रेम,high
3286,1,0,1,0,0,0,0,हँसिलो ठट्टा र प्रेमको इजहार,high
3287,1,0,1,0,0,0,0,प्रेमको मिठास र सुखी जीवन,high
3296,1,0,1,0,0,0,0,प्रेमीको नशा र बदमासी,high
3297,0,1,0,1,0,0,0,विश्वासघात र मुटु टुट्दाको पीडा,high
3298,0,1,0,1,0,0,0,धोकाको पीडा र विछोडको रुवावासी,high
3302,0,1,0,1,0,0,0,त्याग र धोकापछिको नम्र वेदना,high
3305,0,1,0,0,1,0,0,प्रेममा धोका पाएको आक्रोश,high
3306,0,1,0,1,0,0,0,मायामा धोका पाइने डर र शङ्का,high
3313,0,1,0,1,0,0,0,विछोड र माया मार्नुपरेको बाध्यता,high
3315,0,1,0,1,0,0,0,एक्लोपन र विरहको छटपटी,high
3335,0,1,0,0,1,0,0,"अभिमान, धोका र आक्रोश",high
3341,1,0,0,1,0,0,0,टाढा हुनुपर्ने विवशता र माया,medium
3342,0,1,0,1,0,0,0,असारको झरीमा एक्लोपनको पीडा,high
3344,1,0,0,0,0,0,0,गुराँस फुले झैं फक्रिएको मायाको आभास,high
3356,1,0,1,0,0,0,0,घाम र जुन जस्तै अटल चोखो माया,high
3363,0,1,0,0,1,0,0,सडकको आक्रामक र मस्तीयुक्त शैली,high
3365,1,0,1,0,0,0,0,रोमान्टिक र चञ्चल सहरी मस्ती,high
3366,1,0,1,0,0,0,0,आत्मविश्वास र रोमान्सले भरिएको आधुनिक शैली,high
3367,1,0,0,0,0,0,0,प्रेममा लट्ठिएको मनको मीठो बानी,high
3370,1,1,0,1,0,0,0,बिछोडको पीडामा पनि फर्किने आशा,high
3371,0,1,0,1,0,0,1,समर्पण र विश्वासघातले भरिएको जिउँदो लास जस्तो जीवन,high
3375,1,0,1,0,0,0,0,सङ्घर्षका साथ अघि बढ्ने जोसिलो भावना,high
3380,0,1,0,1,0,0,0,टुटेको मुटु र सत्यको खोजीमा जीवन,high
3392,1,0,1,0,0,0,0,रातको एकान्तमा सङ्गीतमय रोमान्स,high
3394,1,0,1,0,0,0,0,सङ्घर्ष र आफ्नै खुसीको खोजीमा र्याप,high
3395,1,0,1,0,0,0,0,हावामा उडाइएको प्रेमिल जुनी,high
3397,1,1,1,1,0,0,0,चाडपर्वमा परदेशबाट घर सम्झँदाको मिश्रित भाव,high
3400,0,1,0,1,0,0,0,विश्वासघातपछि टाढिँदै गएको दुःखी मन,high
3406,1,0,0,0,0,0,0,स्वतन्त्रता र शिक्षाको अधिकारको चाहना,high
3407,1,0,1,0,0,0,0,मायाको सुमधुर र प्रफुल्लित संसार,high
3411,1,0,0,0,0,0,0,सँगै बस्ने रहर र गहिरो आत्मीयता,high
3413,0,1,0,1,0,0,0,सम्झनामा आउने पीडादायी प्रेम,high
3419,1,0,1,0,0,1,0,झिलमिल जिन्दगीमा सधैँ सँगै रहने अमर मायाको चाहना,high
3420,1,0,1,0,0,0,0,मायालुको सुरिलो बोलिमा डुबेको मन,high
3421,1,0,1,0,0,0,0,प्रेमको नशा र प्रकृतिको उल्लास,high
3422,1,0,1,0,0,0,0,मनसँग मन जोडिएको सुखी जीवनको यात्रा,high
3423,1,0,0,0,0,0,0,सपना र बिपनामा पिरतीको कथा कोर्ने चाहना,high
3436,0,1,0,1,0,0,0,छोडेर जाने प्रियप्रतिको अश्रुपूर्ण दूरी,high
3437,1,0,0,0,0,0,0, कहिल्यै नघट्ने अटुट र समर्पित माया,high
3455,0,1,0,1,0,0,0,तिमीबिनाको अर्थहीन र प्रलयजस्तो जिन्दगी,high
3457,0,1,0,1,0,0,0,मायामा परेको मनको छटपटी र रुवावासी,high
3459,1,1,1,0,0,0,0,फुल्थुङ्गे रानीको पछि लागेको चञ्चल र रमाइलो प्रेम,high
3463,1,0,1,0,0,0,0,रिसाएकी मायालुलाई फकाउँदाको रमाइलो क्षण,high
3467,1,1,0,0,0,0,0,मायालु जोडीबीचको ठट्टा र शङ्का,high
3473,1,0,1,0,0,0,0,सौन्दर्यको प्रशंसा र प्रफुल्लित माया,high
3475,1,0,1,0,0,0,0,रमाइलो ठट्टा र मायालु जोडीको नोकझोक,high
3490,1,0,1,0,0,0,0,विवाह र जीवनभरको साथको चाहना,high
3493,0,1,0,1,0,0,0,बदलिएको सम्बन्धको चिन्ता र अन्योल,high
3496,1,0,1,0,0,0,0,कर्णालीको सुमधुर प्रेम र सम्झना,high
3503,0,1,0,1,0,0,0,प्रतीक्षाको पीडਾ र नआएको लाचारी,high
3504,1,1,0,1,0,0,0,लाहुरेको सम्झना र मिलनको चाहना,high
3509,0,1,0,1,0,0,0,प्रेमीको घातपछिको एक्लो रुवाबासी,high
3510,1,0,1,0,0,0,0,प्रगाढ माया र पोखरा घुम्ने उमङ्ग,high
3511,1,0,1,0,0,0,0,एकअर्कालाई सर्वस्व मान्ने साँचो प्रेम,high
3514,0,1,0,1,0,0,0,बिछोडको पीडा र भाग्यको खेल,high
3515,1,0,0,0,0,0,0,अटल माया र साथको निरन्तरता,high
3516,1,0,1,0,0,0,0,मिलनको चाहना र कोमल प्रेमको आभास,high
3517,0,1,0,1,0,0,0,विश्वासघातको पीडा र रुवाबासी,high
3523,0,1,0,1,0,0,0,गहिरो सम्झना र क्षमाको याचना,high
3524,1,0,1,0,0,0,0,सुन्दर संगीत र खुसीको खोजी,high
3528,0,1,0,0,1,0,0,राजनीतिक षड्यन्त्र र सडकको आक्रोश,high
3534,0,1,0,1,0,0,0,अधुरो प्रेम र धोकाको छटपटी,high
3535,1,0,1,0,0,0,0,युवा जोश र रमाइलो प्रेमिल आकर्षण,high
3541,0,1,0,1,0,0,0,प्रेममा आएको फाटो र एक्लोपन,high
3549,1,0,1,0,0,0,0,रमाइलो प्रेमको चाहना र आत्मसमर्पण,high
3555,1,0,1,0,0,0,0,रोमान्टिक भेटघाट र रमाइलो साँझ,high
3556,0,1,0,1,0,0,0,मादक रातको भ्रम र पछुतातो,high
3568,1,0,1,0,0,0,0,गाढा प्रेमको नशा र निकटता,high
3573,1,0,1,0,0,0,0,नयाँ प्रेमको सुरुआत र प्रतिक्षाको खुसी,high
3575,1,0,1,0,0,0,0,साथीहरूसँगको रमाइलो र उत्सवको उल्लास,high
3578,1,0,1,0,0,0,0,पहिलो नजरको आकर्षण र हँसिलो ठट्टा,high
3596,0,1,0,1,0,1,0,समाजको डर र लुकाइएको प्रेमको द्विविधा,high
3597,1,1,0,1,0,0,0,अतीतको सम्झना र गहिरो प्रेमको व्यथा,high
3598,0,1,0,1,0,0,0,बिछोडको पीडਾ र पुराना सम्झनाको झल्को,high
3600,1,0,1,0,0,0,0,जीवनभर सँगै रहने र खुसी बाँड्ने प्रतिज्ञा,high
3603,0,1,0,1,0,0,0,धेरै वर्षपछि भेट्दाको अधुरो प्रेम र मन पोल्ने पीडਾ,high
3613,1,0,1,0,0,0,0,"कफी पिउँदै प्रिय, रमाइलो भेटको उल्लास",high
3622,1,0,1,0,0,0,0,तिम्रो प्राकृतिक रूपप्रतिको गहिरो अनुराग र खुसी,high
3649,1,0,0,0,0,0,0,"एक्लै छैनौ तिमी, जीवनमा साथ र सान्त्वना",high
3650,0,1,0,0,1,0,0,संगीत क्षेत्रको संघर्ष र आलोचकहरूमाथिको आक्रोश,high
3657,0,1,0,0,0,0,0,विकृत कालो हास्य र विचित्र हत्याकाल्पनिक विचार,high
3664,1,0,1,0,0,0,0,प्रेमीको निकटताले मुटु ढुकढुक गर्ने रमाइलो रोमान्स,high
3665,0,1,0,1,1,0,0,विश्वासघात र धोकाको पीडा,high
3672,1,0,1,0,0,0,0,युवा जोडीको चञ्चल प्रेम र रमाइलो उत्सव,high
3673,1,0,1,0,0,0,0,अप्सरा जस्ती चम्पाप्रति मोहित रमाइलो रोमान्स,high
3676,1,0,1,0,0,0,0,विवाहको रमाइलो कल्पना र बैँसको उमङ्ग,high
3679,0,1,0,1,0,0,0,परदेशी मायालुको सम्झनामा बगेका आँसु र बिछोडको डर,high
3681,1,0,1,0,0,0,0,विविधतामा एकता र राष्ट्रप्रतिको गर्व,high
3687,0,1,0,1,0,0,0,सोचेजस्तो नहुने जीवनका अनपेक्षित पीडा र यथार्थ,high
3698,0,1,0,1,0,0,0,भाग्यको खेल र रुँदै बाँच्नुपरेको जीवनको विरह,high
3699,0,1,0,1,0,0,0,अधुरो माया र पुनर्जन्मको आशामा गरिएको विरह,high
3700,1,0,1,0,0,0,0,प्रिय पात्रसँगको पागलपन र रमाइलो झुकाव,high
3706,1,0,1,0,0,0,0,केशमा लुक्न चाहने मिठो र रोमान्टिक चाहना,high
3745,0,1,0,1,0,0,0,टाढिनुपर्दाको पीडादायी विछोड र रुवावासी,high
3748,0,1,0,1,0,0,0,अधुरो प्रेमको सम्झना र तड्पाइ,high
3781,1,1,0,1,0,0,0,टाढा भए पनि मुटु एक भएको चोखो मायाको प्रतीक्षा,high
3782,1,0,1,0,0,0,0,जुनी-जुनीका लागि गरिएको गहिरो प्रेम र प्रतिबद्धता,high
3783,0,1,0,1,0,0,0,साथी गुमाउँदाको गहिरो शोक र श्रद्धाञ्जलि,high
3784,1,0,1,0,0,0,0,सहरकी केटी र गाउँको परिवेशबीचको हँसिलो नोकझोक,high
3791,0,1,0,1,0,0,0,प्रियको अभावमा बिरामीझैँ तडपिएको मनको व्यथा,high
3798,0,1,0,1,0,0,0,संसारमा सबै कुरा केवल भावना र भ्रम मात्र भएको महसुस,high
3799,0,1,0,1,0,0,0,प्रेमीको विरह र असत्य लाग्ने संसारको पीडा,high
3803,0,1,0,1,0,0,0,एक्लोपन र गुमेको खुसीको सम्झनामा बाँचिरहेको जीवन,high
3804,1,1,0,1,0,0,0,अन्धकार र दुःखका बीच आशाको उडान,high
3806,0,1,0,1,1,1,0,मानवता हराउँदै गएकोमा चिन्ता र आक्रोश,high
3810,1,1,0,1,0,0,0,दुःख र पीडामा एकअर्काको सहारा बन्ने वाचा,high
3820,1,1,1,0,0,0,0,माया र प्रेमका फरक दृष्टिकोणहरूको रमाइलो संवाद,high
3825,1,0,1,0,0,0,0,साथीसँगै जाने रमाइलो र खुसीको यात्रा,high
3828,1,0,1,0,0,0,0,मनभरि माया र रमाइलो मिलनको चाहना,high
3913,1,0,1,0,0,0,0,उकाली-ओरालीको रोमान्टिक र चुलबुले माया,high
3916,1,1,1,1,0,0,0,जीवनको कठिन यात्रामा सँगै हिँड्ने मीठो आशा,high
3929,1,1,0,1,0,0,0,प्रियजनको खोजी र सान्त्वना दिने चाहना,medium
3931,1,0,1,0,0,0,0,हृदयको खुसी र रमाइलो अनुभूति,medium
3937,1,0,1,0,0,0,0,सकारात्मक सोच र हिम्मतका साथ अघि बढ्ने प्रेरणा,high
3939,1,1,0,1,0,0,0,हिपहपले जीवन बचाएको यथार्थ र यमबुद्धप्रति श्रद्धाञ्जली,high
3941,0,1,0,0,1,0,0,आक्रामक र शक्तिशाली र्‍यापको शैली,high
3944,1,1,0,1,1,0,0,देशको दुरावस्थाप्रति आक्रोश र सुधारको आशा,high
3953,1,0,1,0,0,0,0,छोटो जीवनमा सँगै जिउने रमाइलो प्रस्ताव,high
3954,0,1,0,1,0,0,0,आफ्नो गल्तीप्रति पश्चाताप र माफीको याचना,high
3970,0,1,0,1,0,0,0,सम्बन्ध बिग्रेकोमा पश्चाताप र छटपटी,high
3977,0,1,0,1,1,0,0,प्रहरीको लखेटाई र जीवनको संघर्षको आक्रोश,high
3979,1,0,1,0,0,0,0,"पैसा, क्रेज र मोजमस्तीको घमण्ड",high
3997,0,1,0,0,1,0,0,विरोधीहरूमाथि खनिने आक्रामक र्‍याप,high
3998,1,1,0,1,0,0,0,भविष्यको अनिश्चितता र आमासँग माफीको याचना,high
3999,0,1,0,0,1,1,0,"सडकको रिस, बदला र जेल जाने खतरा",high
4000,0,1,0,1,0,0,0,एक्लो यात्राको पीडा र विगतका यादहरू,high
4044,0,1,0,1,0,0,0,धोका दिएकोमा पश्चाताप र माफीको पुकार,high
4046,0,1,0,1,1,0,1,गहिरो निराशा र भगवानसँग मृत्यु वा निकासको पुकार,high
4072,1,1,1,1,0,0,0,कठिन परिस्थितिमा पनि अघि बढ्ने यात्रीको अठोट,high
4073,1,1,1,1,0,0,0,कठिन परिस्थितिमा पनि अघि बढ्ने यात्रीको अठोट,high
4085,1,0,1,0,0,0,0,प्रियजनको साथ पाउँदाको असीम खुसी,high
4087,0,1,0,1,0,0,0,प्रेमिका अर्कैको भएको देख्दाको असह्य पीडा,high
4091,1,1,0,1,0,0,0,परदेश जाँदाको बिछोड र मिलनको आशा,high
4094,0,1,0,1,0,1,0,मायामा शङ्का र अविश्वासको पीडा,high
4100,0,1,0,0,1,0,0,आफ्नै अस्तित्व र आक्रोशको अभिव्यक्ति,high
4103,0,1,0,0,1,0,0,धोकेबाजहरू विरुद्धको आक्रोश र चेतावनी,high
4104,1,0,1,0,0,0,0,मायाको सुगन्ध र समर्पण,high
4105,1,0,1,0,0,0,0,जवानीको जोश र रोमान्टिक रमाइलो,high
4122,0,1,0,1,0,0,0,एकतर्फी त्याग र अधुरो मायाको पीडा,high
4134,0,1,0,1,0,0,0,वियोग र पर्खाइको गहिरो पीडा,high
4135,1,1,0,1,0,1,0,संसारको अन्त्यमा साथ हुनुको सान्त्वना,medium
4142,1,1,1,0,0,0,0,मायाको दोधारो र प्रेम प्रस्ताव,medium
4146,0,1,0,1,0,0,0,"जीवनको पीडा, आँसु र संघर्ष",high
4148,1,1,0,1,0,1,0,जीवनको अनिश्चितता र मृत्युको यथार्थ,high
4154,1,0,1,0,0,0,0,सुरक्षित र न्यानो मायाको चाहना,high
4157,0,1,0,1,1,0,0,कर्णालीको पीडा र विकासको पर्खाइ,high
